PassengerId,Survived,Pclass,Sex,Age,SibSp,Parch,Fare,Embarked_Q,Embarked_S,Deck_B,Deck_C,Deck_D,Deck_E,Deck_F,Deck_G,Deck_T,Deck_U,Title,Age_scaled,Fare_scaled
1,0,3,0,22.0,1,0,7.25,False,True,False,False,False,False,False,False,False,True,1,-0.5657364610748746,-0.8797405693934278
2,1,1,1,38.0,1,0,71.2833,False,False,False,True,False,False,False,False,False,False,3,0.6638610320657843,1.3612199269233833
3,1,3,1,26.0,0,0,7.925,False,True,False,False,False,False,False,False,False,True,2,-0.2583370877897099,-0.798539974052802
4,1,1,1,35.0,1,0,53.1,False,True,False,True,False,False,False,False,False,False,3,0.4333115021019107,1.0620380556287106
5,0,3,0,35.0,0,0,8.05,False,True,False,False,False,False,False,False,False,True,1,0.4333115021019107,-0.7841792430073967
6,0,3,0,28.0,0,0,8.4583,True,False,False,False,False,False,False,False,False,True,1,-0.10463740114712752,-0.7386163019798164
7,0,1,0,54.0,0,0,51.8625,False,True,False,False,False,True,False,False,False,False,1,1.893458525206443,1.038145562232327
8,0,3,0,2.0,3,1,21.075,False,True,False,False,False,False,False,False,False,True,4,-2.1027333275006983,0.1364991380659541
9,1,3,1,27.0,0,2,11.1333,False,True,False,False,False,False,False,False,False,True,3,-0.1814872444684187,-0.48145578049281335
10,1,2,1,14.0,1,0,30.0708,False,False,False,False,False,False,False,False,False,True,3,-1.180535207645204,0.4894379098126231
11,1,3,1,4.0,1,1,16.7,False,True,False,False,False,False,False,True,False,False,2,-1.949033640858116,-0.09156500424402261
12,1,1,1,58.0,0,0,26.55,False,True,False,True,False,False,False,False,False,False,2,2.200857898491608,0.36526093570402607
13,0,3,0,20.0,0,0,8.05,False,True,False,False,False,False,False,False,False,True,1,-0.719436147717457,-0.7841792430073967
14,0,3,0,39.0,1,5,31.275,False,True,False,False,False,False,False,False,False,True,1,0.7407108753870755,0.5286989276421437
15,0,3,1,14.0,0,0,7.8542,False,True,False,False,False,False,False,False,False,True,2,-1.180535207645204,-0.806763380796033
16,1,2,1,55.0,0,0,16.0,False,True,False,False,False,False,False,False,False,True,3,1.9703083685277343,-0.13322852057373055
17,0,3,0,2.0,4,1,29.125,True,False,False,False,False,False,False,False,False,True,4,-2.1027333275006983,0.457519539438721
18,1,2,0,28.0,0,0,13.0,False,True,False,False,False,False,False,False,False,True,1,-0.10463740114712752,-0.3336984726090336
19,0,3,1,31.0,1,0,18.0,False,True,False,False,False,False,False,False,False,True,3,0.12591212881674602,-0.01838583697289204
20,1,3,1,28.0,0,0,7.225,False,False,False,False,False,False,False,False,False,True,3,-0.10463740114712752,-0.8828741679067217
21,0,2,0,35.0,0,0,26.0,False,True,False,False,False,False,False,False,False,True,1,0.4333115021019107,0.3444394801955362
22,1,2,0,34.0,0,0,13.0,False,True,False,False,True,False,False,False,False,False,1,0.35646165878061953,-0.3336984726090336
23,1,3,1,15.0,0,0,8.0292,True,False,False,False,False,False,False,False,False,True,2,-1.1036853643239128,-0.7865550587251358
24,1,1,0,28.0,0,0,35.5,False,True,False,False,False,False,False,False,False,False,1,-0.10463740114712752,0.6557188297748954
25,0,3,1,8.0,3,1,21.075,False,True,False,False,False,False,False,False,False,True,2,-1.6416342675729512,0.1364991380659541
26,1,3,1,38.0,1,5,31.3875,False,True,False,False,False,False,False,False,False,True,3,0.6638610320657843,0.5322916934007406
27,0,3,0,28.0,0,0,7.225,False,False,False,False,False,False,False,False,False,True,1,-0.10463740114712752,-0.8828741679067217
28,0,1,0,19.0,3,2,263.0,False,True,False,True,False,False,False,False,False,False,1,-0.7962859910387481,2.6987007794454887
29,1,3,1,28.0,0,0,7.8792,True,False,False,False,False,False,False,False,False,True,2,-0.10463740114712752,-0.8038521494426432
30,0,3,0,28.0,0,0,7.8958,False,True,False,False,False,False,False,False,False,True,1,-0.10463740114712752,-0.8019236166026618
31,0,1,0,40.0,0,0,27.7208,False,False,False,False,False,False,False,False,False,True,5,0.8175607187083667,0.4082334475616762
32,1,1,1,28.0,1,0,146.5208,False,False,True,False,False,False,False,False,False,False,3,-0.10463740114712752,2.097794920021772
33,1,3,1,28.0,0,0,7.75,True,False,False,False,False,False,False,False,False,True,2,-0.10463740114712752,-0.8189865811572414
34,0,2,0,66.0,0,0,10.5,False,True,False,False,False,False,False,False,False,True,1,2.8156566450619374,-0.5368057694182641
35,0,1,0,28.0,1,0,82.1708,False,False,False,False,False,False,False,False,False,True,1,-0.10463740114712752,1.5060857797883969
36,0,1,0,42.0,1,0,52.0,False,True,False,False,False,False,False,False,False,True,1,0.9712604053509489,1.0408277503255374
37,1,3,0,28.0,0,0,7.2292,False,False,False,False,False,False,False,False,False,True,1,-0.10463740114712752,-0.8823470582632056
38,0,3,0,21.0,0,0,8.05,False,True,False,False,False,False,False,False,False,True,1,-0.6425863043961658,-0.7841792430073967
39,0,3,1,18.0,2,0,18.0,False,True,False,False,False,False,False,False,False,True,2,-0.8731358343600393,-0.01838583697289204
40,1,3,1,14.0,1,0,11.2417,False,False,False,False,False,False,False,False,False,True,2,-1.180535207645204,-0.47227211715402734
41,0,3,1,40.0,1,0,9.475,False,True,False,False,False,False,False,False,False,True,3,0.8175607187083667,-0.6331972544104215
42,0,2,1,27.0,1,0,21.0,False,True,False,False,False,False,False,False,False,True,3,-0.1814872444684187,0.1329851701219792
43,0,3,0,28.0,0,0,7.8958,False,False,False,False,False,False,False,False,False,True,1,-0.10463740114712752,-0.8019236166026618
44,1,2,1,3.0,1,2,41.5792,False,False,False,False,False,False,False,False,False,True,2,-2.025883484179407,0.8147822510349934
45,1,3,1,19.0,0,0,7.8792,True,False,False,False,False,False,False,False,False,True,2,-0.7962859910387481,-0.8038521494426432
46,0,3,0,28.0,0,0,8.05,False,True,False,False,False,False,False,False,False,True,1,-0.10463740114712752,-0.7841792430073967
47,0,3,0,28.0,1,0,15.5,True,False,False,False,False,False,False,False,False,True,1,-0.10463740114712752,-0.16405229962564447
48,1,3,1,28.0,0,0,7.75,True,False,False,False,False,False,False,False,False,True,2,-0.10463740114712752,-0.8189865811572414
49,0,3,0,28.0,2,0,21.6792,False,False,False,False,False,False,False,False,False,True,1,-0.10463740114712752,0.16437971416667366
50,0,3,1,18.0,1,0,17.8,False,True,False,False,False,False,False,False,False,True,3,-0.8731358343600393,-0.029312075627065143
51,0,3,0,7.0,4,1,39.6875,False,True,False,False,False,False,False,False,False,True,4,-1.7184841108942424,0.7678594338107121
52,0,3,0,21.0,0,0,7.8,False,True,False,False,False,False,False,False,False,True,1,-0.6425863043961658,-0.8131032608653792
53,1,1,1,49.0,1,0,76.7292,False,False,False,False,True,False,False,False,False,False,3,1.5092093085999871,1.4362199751817062
54,1,2,1,29.0,1,0,26.0,False,True,False,False,False,False,False,False,False,True,3,-0.027787557825836348,0.3444394801955362
55,0,1,0,65.0,0,1,61.9792,False,False,True,False,False,False,False,False,False,False,1,2.738806801740646,1.2189504454470093
56,1,1,0,28.0,0,0,35.5,False,True,False,True,False,False,False,False,False,False,1,-0.10463740114712752,0.6557188297748954
57,1,2,1,21.0,0,0,10.5,False,True,False,False,False,False,False,False,False,True,2,-0.6425863043961658,-0.5368057694182641
58,0,3,0,28.5,0,0,7.2292,False,False,False,False,False,False,False,False,False,True,1,-0.06621247948648194,-0.8823470582632056
59,1,2,1,5.0,1,2,27.75,False,True,False,False,False,False,False,False,False,True,2,-1.8721837975368247,0.40928266156909443
60,0,3,0,11.0,5,2,46.9,False,True,False,False,False,False,False,False,False,True,4,-1.4110847376090776,0.936361092700485
61,0,3,0,22.0,0,0,7.2292,False,False,False,False,False,False,False,False,False,True,1,-0.5657364610748746,-0.8823470582632056
62,1,1,1,38.0,0,0,80.0,False,True,True,False,False,False,False,False,False,False,2,0.6638610320657843,1.4787785499834798
63,0,1,0,45.0,1,0,83.475,False,True,False,True,False,False,False,False,False,False,1,1.2018099353148226,1.5221510751129648
64,0,3,0,4.0,3,2,27.9,False,True,False,False,False,False,False,False,False,True,4,-1.949033640858116,0.4146557174979072
65,0,1,0,28.0,0,0,27.7208,False,False,False,False,False,False,False,False,False,True,1,-0.10463740114712752,0.4082334475616762
66,1,3,0,28.0,1,1,15.2458,False,False,False,False,False,False,False,False,False,True,4,-0.10463740114712752,-0.1800831698720664
67,1,2,1,29.0,0,0,10.5,False,True,False,False,False,False,True,False,False,False,3,-0.027787557825836348,-0.5368057694182641
68,0,3,0,19.0,0,0,8.1583,False,True,False,False,False,False,False,False,False,True,1,-0.7962859910387481,-0.7718965778779472
69,1,3,1,17.0,4,2,7.925,False,True,False,False,False,False,False,False,False,True,2,-0.9499856776813305,-0.798539974052802
70,0,3,0,26.0,2,0,8.6625,False,True,False,False,False,False,False,False,False,True,1,-0.2583370877897099,-0.7165619336211217
71,0,2,0,32.0,0,0,10.5,False,True,False,False,False,False,False,False,False,True,1,0.20276197213803718,-0.5368057694182641
72,0,3,1,16.0,5,2,46.9,False,True,False,False,False,False,False,False,False,True,2,-1.0268355210026217,0.936361092700485
73,0,2,0,21.0,0,0,73.5,False,True,False,False,False,False,False,False,False,True,1,-0.6425863043961658,1.3924082286355355
74,0,3,0,26.0,1,0,14.4542,False,False,False,False,False,False,False,False,False,True,1,-0.2583370877897099,-0.23166125968823223
75,1,3,0,32.0,0,0,56.4958,False,True,False,False,False,False,False,False,False,True,1,0.20276197213803718,1.1248955097361604
76,0,3,0,25.0,0,0,7.65,False,True,False,False,False,False,True,False,False,False,1,-0.33518693111100106,-0.830854756854953
77,0,3,0,28.0,0,0,7.8958,False,True,False,False,False,False,False,False,False,True,1,-0.10463740114712752,-0.8019236166026618
78,0,3,0,28.0,0,0,8.05,False,True,False,False,False,False,False,False,False,True,1,-0.10463740114712752,-0.7841792430073967
79,1,2,0,0.83,0,2,29.0,False,True,False,False,False,False,False,False,False,True,4,-2.192647644186609,0.4532263111425748
80,1,3,1,30.0,0,0,12.475,False,True,False,False,False,False,False,False,False,True,2,0.04906228549545483,-0.37316263612134226
81,0,3,0,22.0,0,0,9.0,False,True,False,False,False,False,False,False,False,True,1,-0.5657364610748746,-0.6811127586453682
82,1,3,0,29.0,0,0,9.5,False,True,False,False,False,False,False,False,False,True,1,-0.027787557825836348,-0.6307359423566569
83,1,3,1,28.0,0,0,7.7875,True,False,False,False,False,False,False,False,False,True,2,-0.10463740114712752,-0.8145709511162281
84,0,1,0,28.0,0,0,47.1,False,True,False,False,False,False,False,False,False,True,1,-0.10463740114712752,0.940663265248102
85,1,2,1,17.0,0,0,10.5,False,True,False,False,False,False,False,False,False,True,2,-0.9499856776813305,-0.5368057694182641
86,1,3,1,33.0,3,0,15.85,False,True,False,False,False,False,False,False,False,True,3,0.27961181545932834,-0.1423794216910609
87,0,3,0,16.0,1,3,34.375,False,True,False,False,False,False,False,False,False,True,1,-1.0268355210026217,0.6233938271906204
88,0,3,0,28.0,0,0,8.05,False,True,False,False,False,False,False,False,False,True,1,-0.10463740114712752,-0.7841792430073967
89,1,1,1,23.0,3,2,263.0,False,True,False,True,False,False,False,False,False,False,2,-0.48888661775358344,2.6987007794454887
90,0,3,0,24.0,0,0,8.05,False,True,False,False,False,False,False,False,False,True,1,-0.41203677443229225,-0.7841792430073967
91,0,3,0,29.0,0,0,8.05,False,True,False,False,False,False,False,False,False,True,1,-0.027787557825836348,-0.7841792430073967
92,0,3,0,20.0,0,0,7.8542,False,True,False,False,False,False,False,False,False,True,1,-0.719436147717457,-0.806763380796033
93,0,1,0,46.0,1,0,61.175,False,True,False,False,False,True,False,False,False,False,1,1.2786597786361138,1.2056809915054134
94,0,3,0,26.0,1,2,20.575,False,True,False,False,False,False,False,False,False,True,1,-0.2583370877897099,0.11284358066326507
95,0,3,0,59.0,0,0,7.25,False,True,False,False,False,False,False,False,False,True,1,2.277707741812899,-0.8797405693934278
96,0,3,0,28.0,0,0,8.05,False,True,False,False,False,False,False,False,False,True,1,-0.10463740114712752,-0.7841792430073967
97,0,1,0,71.0,0,0,34.6542,False,False,False,False,False,False,False,False,False,False,1,3.1999058616683933,0.6315110816648204
98,1,1,0,23.0,0,1,63.3583,False,False,False,False,True,False,False,False,False,False,1,-0.48888661775358344,1.241316266924983
99,1,2,1,34.0,0,1,23.0,False,True,False,False,False,False,False,False,False,True,3,0.35646165878061953,0.2228261499229997
100,0,2,0,34.0,1,0,26.0,False,True,False,False,False,False,False,False,False,True,1,0.35646165878061953,0.3444394801955362
101,0,3,1,28.0,0,0,7.8958,False,True,False,False,False,False,False,False,False,True,2,-0.10463740114712752,-0.8019236166026618
102,0,3,0,28.0,0,0,7.8958,False,True,False,False,False,False,False,False,False,True,1,-0.10463740114712752,-0.8019236166026618
103,0,1,0,21.0,0,1,77.2875,False,True,False,False,True,False,False,False,False,False,1,-0.6425863043961658,1.443609675522841
104,0,3,0,33.0,0,0,8.6542,False,True,False,False,False,False,False,False,False,True,1,0.27961181545932834,-0.7174492400289059
105,0,3,0,37.0,2,0,7.925,False,True,False,False,False,False,False,False,False,True,1,0.5870111887444931,-0.798539974052802
106,0,3,0,28.0,0,0,7.8958,False,True,False,False,False,False,False,False,False,True,1,-0.10463740114712752,-0.8019236166026618
107,1,3,1,21.0,0,0,7.65,False,True,False,False,False,False,False,False,False,True,2,-0.6425863043961658,-0.830854756854953
108,1,3,0,28.0,0,0,7.775,False,True,False,False,False,False,False,False,False,True,1,-0.10463740114712752,-0.8160407306065733
109,0,3,0,38.0,0,0,7.8958,False,True,False,False,False,False,False,False,False,True,1,0.6638610320657843,-0.8019236166026618
110,1,3,1,28.0,1,0,24.15,True,False,False,False,False,False,False,False,False,True,2,-0.10463740114712752,0.2711522804976662
111,0,1,0,47.0,0,0,52.0,False,True,False,True,False,False,False,False,False,False,1,1.3555096219574048,1.0408277503255374
112,0,3,1,14.5,1,0,14.4542,False,False,False,False,False,False,False,False,False,True,2,-1.1421102859845584,-0.23166125968823223
113,0,3,0,22.0,0,0,8.05,False,True,False,False,False,False,False,False,False,True,1,-0.5657364610748746,-0.7841792430073967
114,0,3,1,20.0,1,0,9.825,False,True,False,False,False,False,False,False,False,True,2,-0.719436147717457,-0.5992616204389827
115,0,3,1,17.0,0,0,14.4583,False,False,False,False,False,False,False,False,False,True,2,-0.9499856776813305,-0.23138736843472296
116,0,3,0,21.0,0,0,7.925,False,True,False,False,False,False,False,False,False,True,1,-0.6425863043961658,-0.798539974052802
117,0,3,0,70.5,0,0,7.75,True,False,False,False,False,False,False,False,False,True,1,3.1614809400077477,-0.8189865811572414
118,0,2,0,29.0,1,0,21.0,False,True,False,False,False,False,False,False,False,True,1,-0.027787557825836348,0.1329851701219792
119,0,1,0,24.0,0,1,247.5208,False,False,True,False,False,False,False,False,False,False,1,-0.41203677443229225,2.6363132839087284
120,0,3,1,2.0,4,2,31.275,False,True,False,False,False,False,False,False,False,True,2,-2.1027333275006983,0.5286989276421437
121,0,2,0,21.0,2,0,73.5,False,True,False,False,False,False,False,False,False,True,1,-0.6425863043961658,1.3924082286355355
122,0,3,0,28.0,0,0,8.05,False,True,False,False,False,False,False,False,False,True,1,-0.10463740114712752,-0.7841792430073967
123,0,2,0,32.5,1,0,30.0708,False,False,False,False,False,False,False,False,False,True,1,0.24118689379868277,0.4894379098126231
124,1,2,1,32.5,0,0,13.0,False,True,False,False,False,True,False,False,False,False,2,0.24118689379868277,-0.3336984726090336
125,0,1,0,54.0,0,1,77.2875,False,True,False,False,True,False,False,False,False,False,1,1.893458525206443,1.443609675522841
126,1,3,0,12.0,1,0,11.2417,False,False,False,False,False,False,False,False,False,True,4,-1.3342348942877864,-0.47227211715402734
127,0,3,0,28.0,0,0,7.75,True,False,False,False,False,False,False,False,False,True,1,-0.10463740114712752,-0.8189865811572414
128,1,3,0,24.0,0,0,7.1417,False,True,False,False,False,False,False,False,False,True,1,-0.41203677443229225,-0.8933844909173265
129,1,3,1,28.0,1,1,22.3583,False,False,False,False,False,False,True,False,False,False,2,-0.10463740114712752,0.19484336402527688
130,0,3,0,45.0,0,0,6.975,False,True,False,False,False,False,False,False,False,True,1,1.2018099353148226,-0.9147445967366699
131,0,3,0,33.0,0,0,7.8958,False,False,False,False,False,False,False,False,False,True,1,0.27961181545932834,-0.8019236166026618
132,0,3,0,20.0,0,0,7.05,False,True,False,False,False,False,False,False,False,True,1,-0.719436147717457,-0.9050797531497118
133,0,3,1,47.0,1,0,14.5,False,True,False,False,False,False,False,False,False,True,3,1.3555096219574048,-0.2286058134653583
134,1,2,1,29.0,1,0,26.0,False,True,False,False,False,False,False,False,False,True,3,-0.027787557825836348,0.3444394801955362
135,0,2,0,25.0,0,0,13.0,False,True,False,False,False,False,False,False,False,True,1,-0.33518693111100106,-0.3336984726090336
136,0,2,0,23.0,0,0,15.0458,False,False,False,False,False,False,False,False,False,True,1,-0.48888661775358344,-0.19287328396337328
137,1,1,1,19.0,0,2,26.2833,False,True,False,False,True,False,False,False,False,False,2,-0.7962859910387481,0.3552168481314282
138,0,1,0,37.0,1,0,53.1,False,True,False,True,False,False,False,False,False,False,1,0.5870111887444931,1.0620380556287106
139,0,3,0,16.0,0,0,9.2167,False,True,False,False,False,False,False,False,False,True,1,-1.0268355210026217,-0.6589770356240848
140,0,1,0,24.0,0,0,79.2,False,False,True,False,False,False,False,False,False,False,1,-0.41203677443229225,1.4685301291949246
141,0,3,1,28.0,0,2,15.2458,False,False,False,False,False,False,False,False,False,True,3,-0.10463740114712752,-0.1800831698720664
142,1,3,1,22.0,0,0,7.75,False,True,False,False,False,False,False,False,False,True,2,-0.5657364610748746,-0.8189865811572414
143,1,3,1,24.0,1,0,15.85,False,True,False,False,False,False,False,False,False,True,3,-0.41203677443229225,-0.1423794216910609
144,0,3,0,19.0,0,0,6.75,True,False,False,False,False,False,False,False,False,True,1,-0.7962859910387481,-0.9442940832331417
145,0,2,0,18.0,0,0,11.5,False,True,False,False,False,False,False,False,False,True,1,-0.8731358343600393,-0.4507125974257932
146,0,2,0,19.0,1,1,36.75,False,True,False,False,False,False,False,False,False,True,1,-0.7962859910387481,0.6904870950626278
147,1,3,0,27.0,0,0,7.7958,False,True,False,False,False,False,False,False,False,True,1,-0.1814872444684187,-0.8135961720983267
148,0,3,1,9.0,2,2,34.375,False,True,False,False,False,False,False,False,False,True,2,-1.56478442425166,0.6233938271906204
149,0,2,0,36.5,0,2,26.0,False,True,False,False,False,False,True,False,False,False,1,0.5485862670838475,0.3444394801955362
150,0,2,0,42.0,0,0,13.0,False,True,False,False,False,False,False,False,False,True,5,0.9712604053509489,-0.3336984726090336
151,0,2,0,51.0,0,0,12.525,False,True,False,False,False,False,False,False,False,True,5,1.6629089952425695,-0.3693384839068557
152,1,1,1,22.0,1,0,66.6,False,True,False,True,False,False,False,False,False,False,3,-0.5657364610748746,1.2920564383571118
153,0,3,0,55.5,0,0,8.05,False,True,False,False,False,False,False,False,False,True,1,2.00873329018838,-0.7841792430073967
154,0,3,0,40.5,0,2,14.5,False,True,False,False,False,False,False,False,False,True,1,0.8559856403690123,-0.2286058134653583
155,0,3,0,28.0,0,0,7.3125,False,True,False,False,False,False,False,False,False,True,1,-0.10463740114712752,-0.8719479292525482
156,0,1,0,51.0,0,1,61.3792,False,False,False,False,False,False,False,False,False,True,1,1.6629089952425695,1.2090665177433995
157,1,3,1,16.0,0,0,7.7333,True,False,False,False,False,False,False,False,False,True,2,-1.0268355210026217,-0.8209591021193487
158,0,3,0,30.0,0,0,8.05,False,True,False,False,False,False,False,False,False,True,1,0.04906228549545483,-0.7841792430073967
159,0,3,0,28.0,0,0,8.6625,False,True,False,False,False,False,False,False,False,True,1,-0.10463740114712752,-0.7165619336211217
160,0,3,0,28.0,8,2,69.55,False,True,False,False,False,False,False,False,False,True,4,-0.10463740114712752,1.3361591794576348
161,0,3,0,44.0,0,1,16.1,False,True,False,False,False,False,False,False,False,True,1,1.1249600919935314,-0.12717266791993012
162,1,2,1,40.0,0,0,15.75,False,True,False,False,False,False,False,False,False,True,3,0.8175607187083667,-0.1485253917280838
163,0,3,0,26.0,0,0,7.775,False,True,False,False,False,False,False,False,False,True,1,-0.2583370877897099,-0.8160407306065733
164,0,3,0,17.0,0,0,8.6625,False,True,False,False,False,False,False,False,False,True,1,-0.9499856776813305,-0.7165619336211217
165,0,3,0,1.0,4,1,39.6875,False,True,False,False,False,False,False,False,False,True,4,-2.1795831708219895,0.7678594338107121
166,1,3,0,9.0,0,2,20.525,False,True,False,False,False,False,False,False,False,True,4,-1.56478442425166,0.11044794172866994
167,1,1,1,28.0,0,1,55.0,False,True,False,False,False,True,False,False,False,False,3,-0.10463740114712752,1.0976780669265336
168,0,3,1,45.0,1,4,27.9,False,True,False,False,False,False,False,False,False,True,3,1.2018099353148226,0.4146557174979072
169,0,1,0,28.0,0,0,25.925,False,True,False,False,False,False,False,False,False,True,1,-0.10463740114712752,0.34156737843370105
170,0,3,0,28.0,0,0,56.4958,False,True,False,False,False,False,False,False,False,True,1,-0.10463740114712752,1.1248955097361604
171,0,1,0,61.0,0,0,33.5,False,True,True,False,False,False,False,False,False,False,1,2.4314074284554814,0.5975333003696796
172,0,3,0,4.0,4,1,29.125,True,False,False,False,False,False,False,False,False,True,4,-1.949033640858116,0.457519539438721
173,1,3,1,1.0,1,1,11.1333,False,True,False,False,False,False,False,False,False,True,2,-2.1795831708219895,-0.48145578049281335
174,0,3,0,21.0,0,0,7.925,False,True,False,False,False,False,False,False,False,True,1,-0.6425863043961658,-0.798539974052802
175,0,1,0,56.0,0,0,30.6958,False,False,False,False,False,False,False,False,False,False,1,2.0471582118490255,0.5100012756239033
176,0,3,0,18.0,1,1,7.8542,False,True,False,False,False,False,False,False,False,True,1,-0.8731358343600393,-0.806763380796033
177,0,3,0,28.0,3,1,25.4667,False,True,False,False,False,False,False,False,False,True,4,-0.10463740114712752,0.32384119624754826
178,0,1,1,50.0,0,0,28.7125,False,False,False,True,False,False,False,False,False,False,2,1.5860591519212783,0.4432836100273541
179,0,2,0,30.0,0,0,13.0,False,True,False,False,False,False,False,False,False,True,1,0.04906228549545483,-0.3336984726090336
180,0,3,0,36.0,0,0,0.0,False,True,False,False,False,False,False,False,False,True,1,0.5101613454232019,-3.0585777291682934
181,0,3,1,28.0,8,2,69.55,False,True,False,False,False,False,False,False,False,True,2,-0.10463740114712752,1.3361591794576348
182,0,2,0,28.0,0,0,15.05,False,False,False,False,False,False,False,False,False,True,1,-0.10463740114712752,-0.19260305647698941
183,0,3,0,9.0,4,2,31.3875,False,True,False,False,False,False,False,False,False,True,4,-1.56478442425166,0.5322916934007406
184,1,2,0,1.0,2,1,39.0,False,True,False,False,False,False,True,False,False,False,4,-2.1795831708219895,0.750263780890198
185,1,3,1,4.0,0,2,22.025,False,True,False,False,False,False,False,False,False,True,2,-1.949033640858116,0.1800041951014629
186,0,1,0,28.0,0,0,50.0,False,True,False,False,False,False,False,False,False,False,1,-0.10463740114712752,1.0011105492142125
187,1,3,1,28.0,1,0,15.5,True,False,False,False,False,False,False,False,False,True,3,-0.10463740114712752,-0.16405229962564447
188,1,1,0,45.0,0,0,26.55,False,True,False,False,False,False,False,False,False,True,1,1.2018099353148226,0.36526093570402607
189,0,3,0,40.0,1,1,15.5,True,False,False,False,False,False,False,False,False,True,1,0.8175607187083667,-0.16405229962564447
190,0,3,0,36.0,0,0,7.8958,False,True,False,False,False,False,False,False,False,True,1,0.5101613454232019,-0.8019236166026618
191,1,2,1,32.0,0,0,13.0,False,True,False,False,False,False,False,False,False,True,3,0.20276197213803718,-0.3336984726090336
192,0,2,0,19.0,0,0,13.0,False,True,False,False,False,False,False,False,False,True,1,-0.7962859910387481,-0.3336984726090336
193,1,3,1,19.0,1,0,7.8542,False,True,False,False,False,False,False,False,False,True,2,-0.7962859910387481,-0.806763380796033
194,1,2,0,3.0,1,1,26.0,False,True,False,False,False,False,True,False,False,False,4,-2.025883484179407,0.3444394801955362
195,1,1,1,44.0,0,0,27.7208,False,False,True,False,False,False,False,False,False,False,3,1.1249600919935314,0.4082334475616762
196,1,1,1,58.0,0,0,146.5208,False,False,True,False,False,False,False,False,False,False,2,2.200857898491608,2.097794920021772
197,0,3,0,28.0,0,0,7.75,True,False,False,False,False,False,False,False,False,True,1,-0.10463740114712752,-0.8189865811572414
198,0,3,0,42.0,0,1,8.4042,False,True,False,False,False,False,False,False,False,True,1,0.9712604053509489,-0.7445391097425897
199,1,3,1,28.0,0,0,7.75,True,False,False,False,False,False,False,False,False,True,2,-0.10463740114712752,-0.8189865811572414
200,0,2,1,24.0,0,0,13.0,False,True,False,False,False,False,False,False,False,True,2,-0.41203677443229225,-0.3336984726090336
201,0,3,0,28.0,0,0,9.5,False,True,False,False,False,False,False,False,False,True,1,-0.10463740114712752,-0.6307359423566569
202,0,3,0,28.0,8,2,69.55,False,True,False,False,False,False,False,False,False,True,1,-0.10463740114712752,1.3361591794576348
203,0,3,0,34.0,0,0,6.4958,False,True,False,False,False,False,False,False,False,True,1,0.35646165878061953,-0.9787286015064478
204,0,3,0,45.5,0,0,7.225,False,False,False,False,False,False,False,False,False,True,1,1.2402348569754682,-0.8828741679067217
205,1,3,0,18.0,0,0,8.05,False,True,False,False,False,False,False,False,False,True,1,-0.8731358343600393,-0.7841792430073967
206,0,3,1,2.0,0,1,10.4625,False,True,False,False,False,False,False,True,False,False,2,-2.1027333275006983,-0.5401781836878246
207,0,3,0,32.0,1,0,15.85,False,True,False,False,False,False,False,False,False,True,1,0.20276197213803718,-0.1423794216910609
208,1,3,0,26.0,0,0,18.7875,False,False,False,False,False,False,False,False,False,True,1,-0.2583370877897099,0.023546289947323752
209,1,3,1,16.0,0,0,7.75,True,False,False,False,False,False,False,False,False,True,2,-1.0268355210026217,-0.8189865811572414
210,1,1,0,40.0,0,0,31.0,False,False,False,False,False,False,False,False,False,False,1,0.8175607187083667,0.5198636196706229
211,0,3,0,24.0,0,0,7.05,False,True,False,False,False,False,False,False,False,True,1,-0.41203677443229225,-0.9050797531497118
212,1,2,1,35.0,0,0,21.0,False,True,False,False,False,False,False,False,False,True,2,0.4333115021019107,0.1329851701219792
213,0,3,0,22.0,0,0,7.25,False,True,False,False,False,False,False,False,False,True,1,-0.5657364610748746,-0.8797405693934278
214,0,2,0,30.0,0,0,13.0,False,True,False,False,False,False,False,False,False,True,1,0.04906228549545483,-0.3336984726090336
215,0,3,0,28.0,1,0,7.75,True,False,False,False,False,False,False,False,False,True,1,-0.10463740114712752,-0.8189865811572414
216,1,1,1,31.0,1,0,113.275,False,False,False,False,True,False,False,False,False,False,2,0.12591212881674602,1.834129231109428
217,1,3,1,27.0,0,0,7.925,False,True,False,False,False,False,False,False,False,True,2,-0.1814872444684187,-0.798539974052802
218,0,2,0,42.0,1,0,27.0,False,True,False,False,False,False,False,False,False,True,1,0.9712604053509489,0.3819897971587497
219,1,1,1,32.0,0,0,76.2917,False,False,False,False,True,False,False,False,False,False,2,0.20276197213803718,1.4303920040723752
220,0,2,0,30.0,0,0,10.5,False,True,False,False,False,False,False,False,False,True,1,0.04906228549545483,-0.5368057694182641
221,1,3,0,16.0,0,0,8.05,False,True,False,False,False,False,False,False,False,True,1,-1.0268355210026217,-0.7841792430073967
222,0,2,0,27.0,0,0,13.0,False,True,False,False,False,False,False,False,False,True,1,-0.1814872444684187,-0.3336984726090336
223,0,3,0,51.0,0,0,8.05,False,True,False,False,False,False,False,False,False,True,1,1.6629089952425695,-0.7841792430073967
224,0,3,0,28.0,0,0,7.8958,False,True,False,False,False,False,False,False,False,True,1,-0.10463740114712752,-0.8019236166026618
225,1,1,0,38.0,1,0,90.0,False,True,False,True,False,False,False,False,False,False,1,0.6638610320657843,1.5989745568795648
226,0,3,0,22.0,0,0,9.35,False,True,False,False,False,False,False,False,False,True,1,-0.5657364610748746,-0.6455926003653025
227,1,2,0,19.0,0,0,10.5,False,True,False,False,False,False,False,False,False,True,1,-0.7962859910387481,-0.5368057694182641
228,0,3,0,20.5,0,0,7.25,False,True,False,False,False,False,False,False,False,True,1,-0.6810112260568114,-0.8797405693934278
229,0,2,0,18.0,0,0,13.0,False,True,False,False,False,False,False,False,False,True,1,-0.8731358343600393,-0.3336984726090336
230,0,3,1,28.0,3,1,25.4667,False,True,False,False,False,False,False,False,False,True,2,-0.10463740114712752,0.32384119624754826
231,1,1,1,35.0,1,0,83.475,False,True,False,True,False,False,False,False,False,False,3,0.4333115021019107,1.5221510751129648
232,0,3,0,29.0,0,0,7.775,False,True,False,False,False,False,False,False,False,True,1,-0.027787557825836348,-0.8160407306065733
233,0,2,0,59.0,0,0,13.5,False,True,False,False,False,False,False,False,False,True,1,2.277707741812899,-0.29746598596845064
234,1,3,1,5.0,4,2,31.3875,False,True,False,False,False,False,False,False,False,True,2,-1.8721837975368247,0.5322916934007406
235,0,2,0,24.0,0,0,10.5,False,True,False,False,False,False,False,False,False,True,1,-0.41203677443229225,-0.5368057694182641
236,0,3,1,28.0,0,0,7.55,False,True,False,False,False,False,False,False,False,True,2,-0.10463740114712752,-0.8428609376877135
237,0,2,0,44.0,1,0,26.0,False,True,False,False,False,False,False,False,False,True,1,1.1249600919935314,0.3444394801955362
238,1,2,1,8.0,0,2,26.25,False,True,False,False,False,False,False,False,False,True,2,-1.6416342675729512,0.35395586016517094
239,0,2,0,19.0,0,0,10.5,False,True,False,False,False,False,False,False,False,True,1,-0.7962859910387481,-0.5368057694182641
240,0,2,0,33.0,0,0,12.275,False,True,False,False,False,False,False,False,False,True,1,0.27961181545932834,-0.3886024739916458
241,0,3,1,28.0,1,0,14.4542,False,False,False,False,False,False,False,False,False,True,2,-0.10463740114712752,-0.23166125968823223
242,1,3,1,28.0,1,0,15.5,True,False,False,False,False,False,False,False,False,True,2,-0.10463740114712752,-0.16405229962564447
243,0,2,0,29.0,0,0,10.5,False,True,False,False,False,False,False,False,False,True,1,-0.027787557825836348,-0.5368057694182641
244,0,3,0,22.0,0,0,7.125,False,True,False,False,False,False,False,False,False,True,1,-0.5657364610748746,-0.8955045384601199
245,0,3,0,30.0,0,0,7.225,False,False,False,False,False,False,False,False,False,True,1,0.04906228549545483,-0.8828741679067217
246,0,1,0,44.0,2,0,90.0,True,False,False,True,False,False,False,False,False,False,5,1.1249600919935314,1.5989745568795648
247,0,3,1,25.0,0,0,7.775,False,True,False,False,False,False,False,False,False,True,2,-0.33518693111100106,-0.8160407306065733
248,1,2,1,24.0,0,2,14.5,False,True,False,False,False,False,False,False,False,True,3,-0.41203677443229225,-0.2286058134653583
249,1,1,0,37.0,1,1,52.5542,False,True,False,False,True,False,False,False,False,False,1,0.5870111887444931,1.0515683442816504
250,0,2,0,54.0,1,0,26.0,False,True,False,False,False,False,False,False,False,True,5,1.893458525206443,0.3444394801955362
251,0,3,0,28.0,0,0,7.25,False,True,False,False,False,False,False,False,False,True,1,-0.10463740114712752,-0.8797405693934278
252,0,3,1,29.0,1,1,10.4625,False,True,False,False,False,False,False,True,False,False,3,-0.027787557825836348,-0.5401781836878246
253,0,1,0,62.0,0,0,26.55,False,True,False,True,False,False,False,False,False,False,1,2.5082572717767726,0.36526093570402607
254,0,3,0,30.0,1,0,16.1,False,True,False,False,False,False,False,False,False,True,1,0.04906228549545483,-0.12717266791993012
255,0,3,1,41.0,0,2,20.2125,False,True,False,False,False,False,False,False,False,True,3,0.8944105620296577,0.09534793704965058
256,1,3,1,29.0,0,2,15.2458,False,False,False,False,False,False,False,False,False,True,3,-0.027787557825836348,-0.1800831698720664
257,1,1,1,28.0,0,0,79.2,False,False,False,False,False,False,False,False,False,True,3,-0.10463740114712752,1.4685301291949246
258,1,1,1,30.0,0,0,86.5,False,True,True,False,False,False,False,False,False,False,2,0.04906228549545483,1.5584783893656837
259,1,1,1,35.0,0,0,512.3292,False,False,False,False,False,False,False,False,False,True,2,0.4333115021019107,3.3852937438182273
260,1,2,1,50.0,0,1,26.0,False,True,False,False,False,False,False,False,False,True,3,1.5860591519212783,0.3444394801955362
261,0,3,0,28.0,0,0,7.75,True,False,False,False,False,False,False,False,False,True,1,-0.10463740114712752,-0.8189865811572414
262,1,3,0,3.0,4,2,31.3875,False,True,False,False,False,False,False,False,False,True,4,-2.025883484179407,0.5322916934007406
263,0,1,0,52.0,1,1,79.65,False,True,False,False,False,True,False,False,False,False,1,1.7397588385638607,1.4743073772537167
264,0,1,0,40.0,0,0,0.0,False,True,True,False,False,False,False,False,False,False,1,0.8175607187083667,-3.0585777291682934
265,0,3,1,28.0,0,0,7.75,True,False,False,False,False,False,False,False,False,True,2,-0.10463740114712752,-0.8189865811572414
266,0,2,0,36.0,0,0,10.5,False,True,False,False,False,False,False,False,False,True,1,0.5101613454232019,-0.5368057694182641
267,0,3,0,16.0,4,1,39.6875,False,True,False,False,False,False,False,False,False,True,1,-1.0268355210026217,0.7678594338107121
268,1,3,0,25.0,1,0,7.775,False,True,False,False,False,False,False,False,False,True,1,-0.33518693111100106,-0.8160407306065733
269,1,1,1,58.0,0,1,153.4625,False,True,False,True,False,False,False,False,False,False,3,2.200857898491608,2.14527242190355
270,1,1,1,35.0,0,0,135.6333,False,True,False,True,False,False,False,False,False,False,2,0.4333115021019107,2.0186331792044068
271,0,1,0,28.0,0,0,31.0,False,True,False,False,False,False,False,False,False,True,1,-0.10463740114712752,0.5198636196706229
272,1,3,0,25.0,0,0,0.0,False,True,False,False,False,False,False,False,False,True,1,-0.33518693111100106,-3.0585777291682934
273,1,2,1,41.0,0,1,19.5,False,True,False,False,False,False,False,False,False,True,3,0.8944105620296577,0.06007112543995847
274,0,1,0,37.0,0,1,29.7,False,False,False,True,False,False,False,False,False,False,1,0.5870111887444931,0.4770416648490861
275,1,3,1,28.0,0,0,7.75,True,False,False,False,False,False,False,False,False,True,2,-0.10463740114712752,-0.8189865811572414
276,1,1,1,63.0,1,0,77.9583,False,True,False,False,True,False,False,False,False,False,2,2.585107115098064,1.452419049919151
277,0,3,1,45.0,0,0,7.75,False,True,False,False,False,False,False,False,False,True,2,1.2018099353148226,-0.8189865811572414
278,0,2,0,28.0,0,0,0.0,False,True,False,False,False,False,False,False,False,True,1,-0.10463740114712752,-3.0585777291682934
279,0,3,0,7.0,4,1,29.125,True,False,False,False,False,False,False,False,False,True,4,-1.7184841108942424,0.457519539438721
280,1,3,1,35.0,1,1,20.25,False,True,False,False,False,False,False,False,False,True,3,0.4333115021019107,0.0971716406458445
281,0,3,0,65.0,0,0,7.75,True,False,False,False,False,False,False,False,False,True,1,2.738806801740646,-0.8189865811572414
282,0,3,0,28.0,0,0,7.8542,False,True,False,False,False,False,False,False,False,True,1,-0.10463740114712752,-0.806763380796033
283,0,3,0,16.0,0,0,9.5,False,True,False,False,False,False,False,False,False,True,1,-1.0268355210026217,-0.6307359423566569
284,1,3,0,19.0,0,0,8.05,False,True,False,False,False,False,False,False,False,True,1,-0.7962859910387481,-0.7841792430073967
285,0,1,0,28.0,0,0,26.0,False,True,False,False,False,False,False,False,False,False,1,-0.10463740114712752,0.3444394801955362
286,0,3,0,33.0,0,0,8.6625,False,False,False,False,False,False,False,False,False,True,1,0.27961181545932834,-0.7165619336211217
287,1,3,0,30.0,0,0,9.5,False,True,False,False,False,False,False,False,False,True,1,0.04906228549545483,-0.6307359423566569
288,0,3,0,22.0,0,0,7.8958,False,True,False,False,False,False,False,False,False,True,1,-0.5657364610748746,-0.8019236166026618
289,1,2,0,42.0,0,0,13.0,False,True,False,False,False,False,False,False,False,True,1,0.9712604053509489,-0.3336984726090336
290,1,3,1,22.0,0,0,7.75,True,False,False,False,False,False,False,False,False,True,2,-0.5657364610748746,-0.8189865811572414
291,1,1,1,26.0,0,0,78.85,False,True,False,False,False,False,False,False,False,True,2,-0.2583370877897099,1.464014258564117
292,1,1,1,19.0,1,0,91.0792,False,False,True,False,False,False,False,False,False,False,3,-0.7962859910387481,1.6111475224786775
293,0,2,0,36.0,0,0,12.875,False,False,False,False,True,False,False,False,False,False,1,0.5101613454232019,-0.3429588030007618
294,0,3,1,24.0,0,0,8.85,False,True,False,False,False,False,False,False,False,True,2,-0.41203677443229225,-0.6967178907118832
295,0,3,0,24.0,0,0,7.8958,False,True,False,False,False,False,False,False,False,True,1,-0.41203677443229225,-0.8019236166026618
296,0,1,0,28.0,0,0,27.7208,False,False,False,False,False,False,False,False,False,True,1,-0.10463740114712752,0.4082334475616762
297,0,3,0,23.5,0,0,7.2292,False,False,False,False,False,False,False,False,False,True,1,-0.45046169609293785,-0.8823470582632056
298,0,1,1,2.0,1,2,151.55,False,True,False,True,False,False,False,False,False,False,2,-2.1027333275006983,2.132408321022389
299,1,1,0,28.0,0,0,30.5,False,True,False,True,False,False,False,False,False,False,1,-0.10463740114712752,0.5036031274312862
300,1,1,1,50.0,0,1,247.5208,False,False,True,False,False,False,False,False,False,False,3,1.5860591519212783,2.6363132839087284
301,1,3,1,28.0,0,0,7.75,True,False,False,False,False,False,False,False,False,True,2,-0.10463740114712752,-0.8189865811572414
302,1,3,0,28.0,2,0,23.25,True,False,False,False,False,False,False,False,False,True,1,-0.10463740114712752,0.23352593393921808
303,0,3,0,19.0,0,0,0.0,False,True,False,False,False,False,False,False,False,True,1,-0.7962859910387481,-3.0585777291682934
304,1,2,1,28.0,0,0,12.35,True,False,False,False,False,True,False,False,False,False,2,-0.10463740114712752,-0.38278544498532663
305,0,3,0,28.0,0,0,8.05,False,True,False,False,False,False,False,False,False,True,1,-0.10463740114712752,-0.7841792430073967
306,1,1,0,0.92,1,2,151.55,False,True,False,True,False,False,False,False,False,False,4,-2.1857311582876924,2.132408321022389
307,1,1,1,28.0,0,0,110.8833,False,False,False,False,False,False,False,False,False,True,2,-0.10463740114712752,1.812289926928167
308,1,1,1,17.0,1,0,108.9,False,False,False,True,False,False,False,False,False,False,3,-0.9499856776813305,1.7938227894866787
309,0,2,0,30.0,1,0,24.0,False,False,False,False,False,False,False,False,False,True,1,0.04906228549545483,0.26497567234198965
310,1,1,1,30.0,0,0,56.9292,False,False,False,False,False,True,False,False,False,False,2,0.04906228549545483,1.1326493972880125
311,1,1,1,24.0,0,0,83.1583,False,False,False,True,False,False,False,False,False,False,2,-0.41203677443229225,1.5182728441543658
312,1,1,1,18.0,2,2,262.375,False,False,True,False,False,False,False,False,False,False,2,-0.8731358343600393,2.6962534687059603
313,0,2,1,26.0,1,1,26.0,False,True,False,False,False,False,False,False,False,True,3,-0.2583370877897099,0.3444394801955362
314,0,3,0,28.0,0,0,7.8958,False,True,False,False,False,False,False,False,False,True,1,-0.10463740114712752,-0.8019236166026618
315,0,2,0,43.0,1,1,26.25,False,True,False,False,False,False,False,False,False,True,1,1.0481102486722402,0.35395586016517094
316,1,3,1,26.0,0,0,7.8542,False,True,False,False,False,False,False,False,False,True,2,-0.2583370877897099,-0.806763380796033
317,1,2,1,24.0,1,0,26.0,False,True,False,False,False,False,False,False,False,True,3,-0.41203677443229225,0.3444394801955362
318,0,2,0,54.0,0,0,14.0,False,True,False,False,False,False,False,False,False,True,5,1.893458525206443,-0.2624619586252086
319,1,1,1,31.0,0,2,164.8667,False,True,False,True,False,False,False,False,False,False,2,0.12591212881674602,2.218822021910339
320,1,1,1,40.0,1,1,134.5,False,False,False,False,False,True,False,False,False,False,3,0.8175607187083667,2.010033264475824
321,0,3,0,22.0,0,0,7.25,False,True,False,False,False,False,False,False,False,True,1,-0.5657364610748746,-0.8797405693934278
322,0,3,0,27.0,0,0,7.8958,False,True,False,False,False,False,False,False,False,True,1,-0.1814872444684187,-0.8019236166026618
323,1,2,1,30.0,0,0,12.35,True,False,False,False,False,False,False,False,False,True,2,0.04906228549545483,-0.38278544498532663
324,1,2,1,22.0,1,1,29.0,False,True,False,False,False,False,False,False,False,True,3,-0.5657364610748746,0.4532263111425748
325,0,3,0,28.0,8,2,69.55,False,True,False,False,False,False,False,False,False,True,1,-0.10463740114712752,1.3361591794576348
326,1,1,1,36.0,0,0,135.6333,False,False,False,True,False,False,False,False,False,False,2,0.5101613454232019,2.0186331792044068
327,0,3,0,61.0,0,0,6.2375,False,True,False,False,False,False,False,False,False,True,1,2.4314074284554814,-1.0149359989180027
328,1,2,1,36.0,0,0,13.0,False,True,False,False,True,False,False,False,False,False,3,0.5101613454232019,-0.3336984726090336
329,1,3,1,31.0,1,1,20.525,False,True,False,False,False,False,False,False,False,True,3,0.12591212881674602,0.11044794172866994
330,1,1,1,16.0,0,1,57.9792,False,False,True,False,False,False,False,False,False,False,2,-1.0268355210026217,1.1511968252901217
331,1,3,1,28.0,2,0,23.25,True,False,False,False,False,False,False,False,False,True,2,-0.10463740114712752,0.23352593393921808
332,0,1,0,45.5,0,0,28.5,False,True,False,True,False,False,False,False,False,False,1,1.2402348569754682,0.4358726267231761
333,0,1,0,38.0,0,1,153.4625,False,True,False,True,False,False,False,False,False,False,1,0.6638610320657843,2.14527242190355
334,0,3,0,16.0,2,0,18.0,False,True,False,False,False,False,False,False,False,True,1,-1.0268355210026217,-0.01838583697289204
335,1,1,1,28.0,1,0,133.65,False,True,False,False,False,False,False,False,False,True,3,-0.10463740114712752,2.003535801391161
336,0,3,0,28.0,0,0,7.8958,False,True,False,False,False,False,False,False,False,True,1,-0.10463740114712752,-0.8019236166026618
337,0,1,0,29.0,1,0,66.6,False,True,False,True,False,False,False,False,False,False,1,-0.027787557825836348,1.2920564383571118
338,1,1,1,41.0,0,0,134.5,False,False,False,False,False,True,False,False,False,False,2,0.8944105620296577,2.010033264475824
339,1,3,0,45.0,0,0,8.05,False,True,False,False,False,False,False,False,False,True,1,1.2018099353148226,-0.7841792430073967
340,0,1,0,45.0,0,0,35.5,False,True,False,False,False,False,False,False,True,False,1,1.2018099353148226,0.6557188297748954
341,1,2,0,2.0,1,1,26.0,False,True,False,False,False,False,True,False,False,False,4,-2.1027333275006983,0.3444394801955362
342,1,1,1,24.0,3,2,263.0,False,True,False,True,False,False,False,False,False,False,2,-0.41203677443229225,2.6987007794454887
343,0,2,0,28.0,0,0,13.0,False,True,False,False,False,False,False,False,False,True,1,-0.10463740114712752,-0.3336984726090336
344,0,2,0,25.0,0,0,13.0,False,True,False,False,False,False,False,False,False,True,1,-0.33518693111100106,-0.3336984726090336
345,0,2,0,36.0,0,0,13.0,False,True,False,False,False,False,False,False,False,True,1,0.5101613454232019,-0.3336984726090336
346,1,2,1,24.0,0,0,13.0,False,True,False,False,False,False,True,False,False,False,2,-0.41203677443229225,-0.3336984726090336
347,1,2,1,40.0,0,0,13.0,False,True,False,False,False,False,False,False,False,True,2,0.8175607187083667,-0.3336984726090336
348,1,3,1,28.0,1,0,16.1,False,True,False,False,False,False,False,False,False,True,3,-0.10463740114712752,-0.12717266791993012
349,1,3,0,3.0,1,1,15.9,False,True,False,False,False,False,False,False,False,True,4,-2.025883484179407,-0.1393201011784549
350,0,3,0,42.0,0,0,8.6625,False,True,False,False,False,False,False,False,False,True,1,0.9712604053509489,-0.7165619336211217
351,0,3,0,23.0,0,0,9.225,False,True,False,False,False,False,False,False,False,True,1,-0.48888661775358344,-0.658138561741074
352,0,1,0,28.0,0,0,35.0,False,True,False,True,False,False,False,False,False,False,1,-0.10463740114712752,0.6414769499431594
353,0,3,0,15.0,1,1,7.2292,False,False,False,False,False,False,False,False,False,True,1,-1.1036853643239128,-0.8823470582632056
354,0,3,0,25.0,1,0,17.8,False,True,False,False,False,False,False,False,False,True,1,-0.33518693111100106,-0.029312075627065143
355,0,3,0,28.0,0,0,7.225,False,False,False,False,False,False,False,False,False,True,1,-0.10463740114712752,-0.8828741679067217
356,0,3,0,28.0,0,0,9.5,False,True,False,False,False,False,False,False,False,True,1,-0.10463740114712752,-0.6307359423566569
357,1,1,1,22.0,0,1,55.0,False,True,False,False,False,True,False,False,False,False,2,-0.5657364610748746,1.0976780669265336
358,0,2,1,38.0,0,0,13.0,False,True,False,False,False,False,False,False,False,True,2,0.6638610320657843,-0.3336984726090336
359,1,3,1,28.0,0,0,7.8792,True,False,False,False,False,False,False,False,False,True,2,-0.10463740114712752,-0.8038521494426432
360,1,3,1,28.0,0,0,7.8792,True,False,False,False,False,False,False,False,False,True,2,-0.10463740114712752,-0.8038521494426432
361,0,3,0,40.0,1,4,27.9,False,True,False,False,False,False,False,False,False,True,1,0.8175607187083667,0.4146557174979072
362,0,2,0,29.0,1,0,27.7208,False,False,False,False,False,False,False,False,False,True,1,-0.027787557825836348,0.4082334475616762
363,0,3,1,45.0,0,1,14.4542,False,False,False,False,False,False,False,False,False,True,3,1.2018099353148226,-0.23166125968823223
364,0,3,0,35.0,0,0,7.05,False,True,False,False,False,False,False,False,False,True,1,0.4333115021019107,-0.9050797531497118
365,0,3,0,28.0,1,0,15.5,True,False,False,False,False,False,False,False,False,True,1,-0.10463740114712752,-0.16405229962564447
366,0,3,0,30.0,0,0,7.25,False,True,False,False,False,False,False,False,False,True,1,0.04906228549545483,-0.8797405693934278
367,1,1,1,60.0,1,0,75.25,False,False,False,False,True,False,False,False,False,False,3,2.3545575851341902,1.4163815756188534
368,1,3,1,28.0,0,0,7.2292,False,False,False,False,False,False,False,False,False,True,3,-0.10463740114712752,-0.8823470582632056
369,1,3,1,28.0,0,0,7.75,True,False,False,False,False,False,False,False,False,True,2,-0.10463740114712752,-0.8189865811572414
370,1,1,1,24.0,0,0,69.3,False,False,True,False,False,False,False,False,False,False,3,-0.41203677443229225,1.3324938581871215
371,1,1,0,25.0,1,0,55.4417,False,False,False,False,False,True,False,False,False,False,1,-0.33518693111100106,1.1057901177672143
372,0,3,0,18.0,1,0,6.4958,False,True,False,False,False,False,False,False,False,True,1,-0.8731358343600393,-0.9787286015064478
373,0,3,0,19.0,0,0,8.05,False,True,False,False,False,False,False,False,False,True,1,-0.7962859910387481,-0.7841792430073967
374,0,1,0,22.0,0,0,135.6333,False,False,False,False,False,False,False,False,False,True,1,-0.5657364610748746,2.0186331792044068
375,0,3,1,3.0,3,1,21.075,False,True,False,False,False,False,False,False,False,True,2,-2.025883484179407,0.1364991380659541
376,1,1,1,28.0,1,0,82.1708,False,False,False,False,False,False,False,False,False,True,3,-0.10463740114712752,1.5060857797883969
377,1,3,1,22.0,0,0,7.25,False,True,False,False,False,False,False,False,False,True,2,-0.5657364610748746,-0.8797405693934278
378,0,1,0,27.0,0,2,211.5,False,False,False,True,False,False,False,False,False,False,1,-0.1814872444684187,2.4746366111687697
379,0,3,0,20.0,0,0,4.0125,False,False,False,False,False,False,False,False,False,True,1,-0.719436147717457,-1.3942229498762084
380,0,3,0,19.0,0,0,7.775,False,True,False,False,False,False,False,False,False,True,1,-0.7962859910387481,-0.8160407306065733
381,1,1,1,42.0,0,0,227.525,False,False,False,False,False,False,False,False,False,True,2,0.9712604053509489,2.5497045522452972
382,1,3,1,1.0,0,2,15.7417,False,False,False,False,False,False,False,False,False,True,2,-2.1795831708219895,-0.14903715526900022
383,0,3,0,32.0,0,0,7.925,False,True,False,False,False,False,False,False,False,True,1,0.20276197213803718,-0.798539974052802
384,1,1,1,35.0,1,0,52.0,False,True,False,False,False,False,False,False,False,True,3,0.4333115021019107,1.0408277503255374
385,0,3,0,28.0,0,0,7.8958,False,True,False,False,False,False,False,False,False,True,1,-0.10463740114712752,-0.8019236166026618
386,0,2,0,18.0,0,0,73.5,False,True,False,False,False,False,False,False,False,True,1,-0.8731358343600393,1.3924082286355355
387,0,3,0,1.0,5,2,46.9,False,True,False,False,False,False,False,False,False,True,4,-2.1795831708219895,0.936361092700485
388,1,2,1,36.0,0,0,13.0,False,True,False,False,False,False,False,False,False,True,2,0.5101613454232019,-0.3336984726090336
389,0,3,0,28.0,0,0,7.7292,True,False,False,False,False,False,False,False,False,True,1,-0.10463740114712752,-0.8214439504217126
390,1,2,1,17.0,0,0,12.0,False,False,False,False,False,False,False,False,False,True,2,-0.9499856776813305,-0.4102164299119116
391,1,1,0,36.0,1,2,120.0,False,True,True,False,False,False,False,False,False,False,1,0.5101613454232019,1.8931715298766851
392,1,3,0,21.0,0,0,7.7958,False,True,False,False,False,False,False,False,False,True,1,-0.6425863043961658,-0.8135961720983267
393,0,3,0,28.0,2,0,7.925,False,True,False,False,False,False,False,False,False,True,1,-0.10463740114712752,-0.798539974052802
394,1,1,1,23.0,1,0,113.275,False,False,False,False,True,False,False,False,False,False,2,-0.48888661775358344,1.834129231109428
395,1,3,1,24.0,0,2,16.7,False,True,False,False,False,False,False,True,False,False,3,-0.41203677443229225,-0.09156500424402261
396,0,3,0,22.0,0,0,7.7958,False,True,False,False,False,False,False,False,False,True,1,-0.5657364610748746,-0.8135961720983267
397,0,3,1,31.0,0,0,7.8542,False,True,False,False,False,False,False,False,False,True,2,0.12591212881674602,-0.806763380796033
398,0,2,0,46.0,0,0,26.0,False,True,False,False,False,False,False,False,False,True,1,1.2786597786361138,0.3444394801955362
399,0,2,0,23.0,0,0,10.5,False,True,False,False,False,False,False,False,False,True,5,-0.48888661775358344,-0.5368057694182641
400,1,2,1,28.0,0,0,12.65,False,True,False,False,False,False,False,False,False,True,3,-0.10463740114712752,-0.35983961362319966
401,1,3,0,39.0,0,0,7.925,False,True,False,False,False,False,False,False,False,True,1,0.7407108753870755,-0.798539974052802
402,0,3,0,26.0,0,0,8.05,False,True,False,False,False,False,False,False,False,True,1,-0.2583370877897099,-0.7841792430073967
403,0,3,1,21.0,1,0,9.825,False,True,False,False,False,False,False,False,False,True,2,-0.6425863043961658,-0.5992616204389827
404,0,3,0,28.0,1,0,15.85,False,True,False,False,False,False,False,False,False,True,1,-0.10463740114712752,-0.1423794216910609
405,0,3,1,20.0,0,0,8.6625,False,True,False,False,False,False,False,False,False,True,2,-0.719436147717457,-0.7165619336211217
406,0,2,0,34.0,1,0,21.0,False,True,False,False,False,False,False,False,False,True,1,0.35646165878061953,0.1329851701219792
407,0,3,0,51.0,0,0,7.75,False,True,False,False,False,False,False,False,False,True,1,1.6629089952425695,-0.8189865811572414
408,1,2,0,3.0,1,1,18.75,False,True,False,False,False,False,False,False,False,True,4,-2.025883484179407,0.021587667954472933
409,0,3,0,21.0,0,0,7.775,False,True,False,False,False,False,False,False,False,True,1,-0.6425863043961658,-0.8160407306065733
410,0,3,1,28.0,3,1,25.4667,False,True,False,False,False,False,False,False,False,True,2,-0.10463740114712752,0.32384119624754826
411,0,3,0,28.0,0,0,7.8958,False,True,False,False,False,False,False,False,False,True,1,-0.10463740114712752,-0.8019236166026618
412,0,3,0,28.0,0,0,6.8583,True,False,False,False,False,False,False,False,False,True,1,-0.10463740114712752,-0.9299653348541039
413,1,1,1,33.0,1,0,90.0,True,False,False,True,False,False,False,False,False,False,2,0.27961181545932834,1.5989745568795648
414,0,2,0,28.0,0,0,0.0,False,True,False,False,False,False,False,False,False,True,1,-0.10463740114712752,-3.0585777291682934
415,1,3,0,44.0,0,0,7.925,False,True,False,False,False,False,False,False,False,True,1,1.1249600919935314,-0.798539974052802
416,0,3,1,28.0,0,0,8.05,False,True,False,False,False,False,False,False,False,True,3,-0.10463740114712752,-0.7841792430073967
417,1,2,1,34.0,1,1,32.5,False,True,False,False,False,False,False,False,False,True,3,0.35646165878061953,0.5671628780396996
418,1,2,1,18.0,0,2,13.0,False,True,False,False,False,False,False,False,False,True,2,-0.8731358343600393,-0.3336984726090336
419,0,2,0,30.0,0,0,13.0,False,True,False,False,False,False,False,False,False,True,1,0.04906228549545483,-0.3336984726090336
420,0,3,1,10.0,0,2,24.15,False,True,False,False,False,False,False,False,False,True,2,-1.4879345809303688,0.2711522804976662
421,0,3,0,28.0,0,0,7.8958,False,False,False,False,False,False,False,False,False,True,1,-0.10463740114712752,-0.8019236166026618
422,0,3,0,21.0,0,0,7.7333,True,False,False,False,False,False,False,False,False,True,1,-0.6425863043961658,-0.8209591021193487
423,0,3,0,29.0,0,0,7.875,False,True,False,False,False,False,False,False,False,True,1,-0.027787557825836348,-0.804340663003928
424,0,3,1,28.0,1,1,14.4,False,True,False,False,False,False,False,False,False,True,3,-0.10463740114712752,-0.23528881360946907
425,0,3,0,18.0,1,1,20.2125,False,True,False,False,False,False,False,False,False,True,1,-0.8731358343600393,0.09534793704965058
426,0,3,0,28.0,0,0,7.25,False,True,False,False,False,False,False,False,False,True,1,-0.10463740114712752,-0.8797405693934278
427,1,2,1,28.0,1,0,26.0,False,True,False,False,False,False,False,False,False,True,3,-0.10463740114712752,0.3444394801955362
428,1,2,1,19.0,0,0,26.0,False,True,False,False,False,False,False,False,False,True,2,-0.7962859910387481,0.3444394801955362
429,0,3,0,28.0,0,0,7.75,True,False,False,False,False,False,False,False,False,True,1,-0.10463740114712752,-0.8189865811572414
430,1,3,0,32.0,0,0,8.05,False,True,False,False,False,True,False,False,False,False,1,0.20276197213803718,-0.7841792430073967
431,1,1,0,28.0,0,0,26.55,False,True,False,True,False,False,False,False,False,False,1,-0.10463740114712752,0.36526093570402607
432,1,3,1,28.0,1,0,16.1,False,True,False,False,False,False,False,False,False,True,3,-0.10463740114712752,-0.12717266791993012
433,1,2,1,42.0,1,0,26.0,False,True,False,False,False,False,False,False,False,True,3,0.9712604053509489,0.3444394801955362
434,0,3,0,17.0,0,0,7.125,False,True,False,False,False,False,False,False,False,True,1,-0.9499856776813305,-0.8955045384601199
435,0,1,0,50.0,1,0,55.9,False,True,False,False,False,True,False,False,False,False,1,1.5860591519212783,1.1141402035210881
436,1,1,1,14.0,1,2,120.0,False,True,True,False,False,False,False,False,False,False,2,-1.180535207645204,1.8931715298766851
437,0,3,1,21.0,2,2,34.375,False,True,False,False,False,False,False,False,False,True,2,-0.6425863043961658,0.6233938271906204
438,1,2,1,24.0,2,3,18.75,False,True,False,False,False,False,False,False,False,True,3,-0.41203677443229225,0.021587667954472933
439,0,1,0,64.0,1,4,263.0,False,True,False,True,False,False,False,False,False,False,1,2.661956958419355,2.6987007794454887
440,0,2,0,31.0,0,0,10.5,False,True,False,False,False,False,False,False,False,True,1,0.12591212881674602,-0.5368057694182641
441,1,2,1,45.0,1,1,26.25,False,True,False,False,False,False,False,False,False,True,3,1.2018099353148226,0.35395586016517094
442,0,3,0,20.0,0,0,9.5,False,True,False,False,False,False,False,False,False,True,1,-0.719436147717457,-0.6307359423566569
443,0,3,0,25.0,1,0,7.775,False,True,False,False,False,False,False,False,False,True,1,-0.33518693111100106,-0.8160407306065733
444,1,2,1,28.0,0,0,13.0,False,True,False,False,False,False,False,False,False,True,2,-0.10463740114712752,-0.3336984726090336
445,1,3,0,28.0,0,0,8.1125,False,True,False,False,False,False,False,False,False,True,1,-0.10463740114712752,-0.7770730902669089
446,1,1,0,4.0,0,2,81.8583,False,True,False,False,False,False,False,False,False,False,4,-1.949033640858116,1.5021989568725875
447,1,2,1,13.0,0,1,19.5,False,True,False,False,False,False,False,False,False,True,2,-1.2573850509664952,0.06007112543995847
448,1,1,0,34.0,0,0,26.55,False,True,False,False,False,False,False,False,False,True,1,0.35646165878061953,0.36526093570402607
449,1,3,1,5.0,2,1,19.2583,False,False,False,False,False,False,False,False,False,True,2,-1.8721837975368247,0.047825129435189045
450,1,1,0,52.0,0,0,30.5,False,True,False,True,False,False,False,False,False,False,5,1.7397588385638607,0.5036031274312862
451,0,2,0,36.0,1,2,27.75,False,True,False,False,False,False,False,False,False,True,1,0.5101613454232019,0.40928266156909443
452,0,3,0,28.0,1,0,19.9667,False,True,False,False,False,False,False,False,False,True,1,-0.10463740114712752,0.0833137463231359
453,0,1,0,30.0,0,0,27.75,False,False,False,True,False,False,False,False,False,False,1,0.04906228549545483,0.40928266156909443
454,1,1,0,49.0,1,0,89.1042,False,False,False,True,False,False,False,False,False,False,1,1.5092093085999871,1.588760118059578
455,0,3,0,28.0,0,0,8.05,False,True,False,False,False,False,False,False,False,True,1,-0.10463740114712752,-0.7841792430073967
456,1,3,0,29.0,0,0,7.8958,False,False,False,False,False,False,False,False,False,True,1,-0.027787557825836348,-0.8019236166026618
457,0,1,0,65.0,0,0,26.55,False,True,False,False,False,True,False,False,False,False,1,2.738806801740646,0.36526093570402607
458,1,1,1,28.0,1,0,51.8625,False,True,False,False,True,False,False,False,False,False,3,-0.10463740114712752,1.038145562232327
459,1,2,1,50.0,0,0,10.5,False,True,False,False,False,False,False,False,False,True,2,1.5860591519212783,-0.5368057694182641
460,0,3,0,28.0,0,0,7.75,True,False,False,False,False,False,False,False,False,True,1,-0.10463740114712752,-0.8189865811572414
461,1,1,0,48.0,0,0,26.55,False,True,False,False,False,True,False,False,False,False,1,1.432359465278696,0.36526093570402607
462,0,3,0,34.0,0,0,8.05,False,True,False,False,False,False,False,False,False,True,1,0.35646165878061953,-0.7841792430073967
463,0,1,0,47.0,0,0,38.5,False,True,False,False,False,True,False,False,False,False,1,1.3555096219574048,0.7372759377222563
464,0,2,0,48.0,0,0,13.0,False,True,False,False,False,False,False,False,False,True,1,1.432359465278696,-0.3336984726090336
465,0,3,0,28.0,0,0,8.05,False,True,False,False,False,False,False,False,False,True,1,-0.10463740114712752,-0.7841792430073967
466,0,3,0,38.0,0,0,7.05,False,True,False,False,False,False,False,False,False,True,1,0.6638610320657843,-0.9050797531497118
467,0,2,0,28.0,0,0,0.0,False,True,False,False,False,False,False,False,False,True,1,-0.10463740114712752,-3.0585777291682934
468,0,1,0,56.0,0,0,26.55,False,True,False,False,False,False,False,False,False,True,1,2.0471582118490255,0.36526093570402607
469,0,3,0,28.0,0,0,7.725,True,False,False,False,False,False,False,False,False,True,1,-0.10463740114712752,-0.8219408604763344
470,1,3,1,0.75,2,1,19.2583,False,False,False,False,False,False,False,False,False,True,2,-2.1987956316523123,0.047825129435189045
471,0,3,0,28.0,0,0,7.25,False,True,False,False,False,False,False,False,False,True,1,-0.10463740114712752,-0.8797405693934278
472,0,3,0,38.0,0,0,8.6625,False,True,False,False,False,False,False,False,False,True,1,0.6638610320657843,-0.7165619336211217
473,1,2,1,33.0,1,2,27.75,False,True,False,False,False,False,False,False,False,True,3,0.27961181545932834,0.40928266156909443
474,1,2,1,23.0,0,0,13.7917,False,False,False,False,True,False,False,False,False,False,3,-0.48888661775358344,-0.2769007052339032
475,0,3,1,22.0,0,0,9.8375,False,True,False,False,False,False,False,False,False,True,2,-0.5657364610748746,-0.5980700220174994
476,0,1,0,28.0,0,0,52.0,False,True,False,False,False,False,False,False,False,False,1,-0.10463740114712752,1.0408277503255374
477,0,2,0,34.0,1,0,21.0,False,True,False,False,False,False,False,False,False,True,1,0.35646165878061953,0.1329851701219792
478,0,3,0,29.0,1,0,7.0458,False,True,False,False,False,False,False,False,False,True,1,-0.027787557825836348,-0.9056185997745971
479,0,3,0,22.0,0,0,7.5208,False,True,False,False,False,False,False,False,False,True,1,-0.5657364610748746,-0.8463932397472813
480,1,3,1,2.0,0,1,12.2875,False,True,False,False,False,False,False,False,False,True,2,-2.1027333275006983,-0.38763069046803694
481,0,3,0,9.0,5,2,46.9,False,True,False,False,False,False,False,False,False,True,4,-1.56478442425166,0.936361092700485
482,0,2,0,28.0,0,0,0.0,False,True,False,False,False,False,False,False,False,True,1,-0.10463740114712752,-3.0585777291682934
483,0,3,0,50.0,0,0,8.05,False,True,False,False,False,False,False,False,False,True,1,1.5860591519212783,-0.7841792430073967
484,1,3,1,63.0,0,0,9.5875,False,True,False,False,False,False,False,False,False,True,3,2.585107115098064,-0.6221672631581132
485,1,1,0,25.0,1,0,91.0792,False,False,True,False,False,False,False,False,False,False,1,-0.33518693111100106,1.6111475224786775
486,0,3,1,28.0,3,1,25.4667,False,True,False,False,False,False,False,False,False,True,2,-0.10463740114712752,0.32384119624754826
487,1,1,1,35.0,1,0,90.0,False,True,False,True,False,False,False,False,False,False,3,0.4333115021019107,1.5989745568795648
488,0,1,0,58.0,0,0,29.7,False,False,True,False,False,False,False,False,False,False,1,2.200857898491608,0.4770416648490861
489,0,3,0,30.0,0,0,8.05,False,True,False,False,False,False,False,False,False,True,1,0.04906228549545483,-0.7841792430073967
490,1,3,0,9.0,1,1,15.9,False,True,False,False,False,False,False,False,False,True,4,-1.56478442425166,-0.1393201011784549
491,0,3,0,28.0,1,0,19.9667,False,True,False,False,False,False,False,False,False,True,1,-0.10463740114712752,0.0833137463231359
492,0,3,0,21.0,0,0,7.25,False,True,False,False,False,False,False,False,False,True,1,-0.6425863043961658,-0.8797405693934278
493,0,1,0,55.0,0,0,30.5,False,True,False,True,False,False,False,False,False,False,1,1.9703083685277343,0.5036031274312862
494,0,1,0,71.0,0,0,49.5042,False,False,False,False,False,False,False,False,False,True,1,3.1999058616683933,0.9910237262754293
495,0,3,0,21.0,0,0,8.05,False,True,False,False,False,False,False,False,False,True,1,-0.6425863043961658,-0.7841792430073967
496,0,3,0,28.0,0,0,14.4583,False,False,False,False,False,False,False,False,False,True,1,-0.10463740114712752,-0.23138736843472296
497,1,1,1,54.0,1,0,78.2667,False,False,False,False,True,False,False,False,False,False,2,1.893458525206443,1.4564440718289613
498,0,3,0,28.0,0,0,15.1,False,True,False,False,False,False,False,False,False,True,1,-0.10463740114712752,-0.1893914833819289
499,0,1,1,25.0,1,2,151.55,False,True,False,True,False,False,False,False,False,False,3,-0.33518693111100106,2.132408321022389
500,0,3,0,24.0,0,0,7.7958,False,True,False,False,False,False,False,False,False,True,1,-0.41203677443229225,-0.8135961720983267
501,0,3,0,17.0,0,0,8.6625,False,True,False,False,False,False,False,False,False,True,1,-0.9499856776813305,-0.7165619336211217
502,0,3,1,21.0,0,0,7.75,True,False,False,False,False,False,False,False,False,True,2,-0.6425863043961658,-0.8189865811572414
503,0,3,1,28.0,0,0,7.6292,True,False,False,False,False,False,False,False,False,True,2,-0.10463740114712752,-0.8333405692374476
504,0,3,1,37.0,0,0,9.5875,False,True,False,False,False,False,False,False,False,True,2,0.5870111887444931,-0.6221672631581132
505,1,1,1,16.0,0,0,86.5,False,True,True,False,False,False,False,False,False,False,2,-1.0268355210026217,1.5584783893656837
506,0,1,0,18.0,1,0,108.9,False,False,False,True,False,False,False,False,False,False,1,-0.8731358343600393,1.7938227894866787
507,1,2,1,33.0,0,2,26.0,False,True,False,False,False,False,False,False,False,True,3,0.27961181545932834,0.3444394801955362
508,1,1,0,28.0,0,0,26.55,False,True,False,False,False,False,False,False,False,True,1,-0.10463740114712752,0.36526093570402607
509,0,3,0,28.0,0,0,22.525,False,True,False,False,False,False,False,False,False,True,1,-0.10463740114712752,0.20218592718197398
510,1,3,0,26.0,0,0,56.4958,False,True,False,False,False,False,False,False,False,True,1,-0.2583370877897099,1.1248955097361604
511,1,3,0,29.0,0,0,7.75,True,False,False,False,False,False,False,False,False,True,1,-0.027787557825836348,-0.8189865811572414
512,0,3,0,28.0,0,0,8.05,False,True,False,False,False,False,False,False,False,True,1,-0.10463740114712752,-0.7841792430073967
513,1,1,0,36.0,0,0,26.2875,False,True,False,False,False,True,False,False,False,False,1,0.5101613454232019,0.3553757823476229
514,1,1,1,54.0,1,0,59.4,False,False,False,False,False,False,False,False,False,True,3,1.893458525206443,1.1757752036108362
515,0,3,0,24.0,0,0,7.4958,False,True,False,False,False,False,False,False,False,True,1,-0.41203677443229225,-0.8494271027413144
516,0,1,0,47.0,0,0,34.0208,False,True,False,False,True,False,False,False,False,False,1,1.3555096219574048,0.6130033879569109
517,1,2,1,34.0,0,0,10.5,False,True,False,False,False,False,True,False,False,False,3,0.35646165878061953,-0.5368057694182641
518,0,3,0,28.0,0,0,24.15,True,False,False,False,False,False,False,False,False,True,1,-0.10463740114712752,0.2711522804976662
519,1,2,1,36.0,1,0,26.0,False,True,False,False,False,False,False,False,False,True,3,0.5101613454232019,0.3444394801955362
520,0,3,0,32.0,0,0,7.8958,False,True,False,False,False,False,False,False,False,True,1,0.20276197213803718,-0.8019236166026618
521,1,1,1,30.0,0,0,93.5,False,True,True,False,False,False,False,False,False,False,2,0.04906228549545483,1.6379421972192298
522,0,3,0,22.0,0,0,7.8958,False,True,False,False,False,False,False,False,False,True,1,-0.5657364610748746,-0.8019236166026618
523,0,3,0,28.0,0,0,7.225,False,False,False,False,False,False,False,False,False,True,1,-0.10463740114712752,-0.8828741679067217
524,1,1,1,44.0,0,1,57.9792,False,False,True,False,False,False,False,False,False,False,3,1.1249600919935314,1.1511968252901217
525,0,3,0,28.0,0,0,7.2292,False,False,False,False,False,False,False,False,False,True,1,-0.10463740114712752,-0.8823470582632056
526,0,3,0,40.5,0,0,7.75,True,False,False,False,False,False,False,False,False,True,1,0.8559856403690123,-0.8189865811572414
527,1,2,1,50.0,0,0,10.5,False,True,False,False,False,False,False,False,False,True,2,1.5860591519212783,-0.5368057694182641
528,0,1,0,28.0,0,0,221.7792,False,True,False,True,False,False,False,False,False,False,1,-0.10463740114712752,2.523411982756633
529,0,3,0,39.0,0,0,7.925,False,True,False,False,False,False,False,False,False,True,1,0.7407108753870755,-0.798539974052802
530,0,2,0,23.0,2,1,11.5,False,True,False,False,False,False,False,False,False,True,1,-0.48888661775358344,-0.4507125974257932
531,1,2,1,2.0,1,1,26.0,False,True,False,False,False,False,False,False,False,True,2,-2.1027333275006983,0.3444394801955362
532,0,3,0,28.0,0,0,7.2292,False,False,False,False,False,False,False,False,False,True,1,-0.10463740114712752,-0.8823470582632056
533,0,3,0,17.0,1,1,7.2292,False,False,False,False,False,False,False,False,False,True,1,-0.9499856776813305,-0.8823470582632056
534,1,3,1,28.0,0,2,22.3583,False,False,False,False,False,False,False,False,False,True,3,-0.10463740114712752,0.19484336402527688
535,0,3,1,30.0,0,0,8.6625,False,True,False,False,False,False,False,False,False,True,2,0.04906228549545483,-0.7165619336211217
536,1,2,1,7.0,0,2,26.25,False,True,False,False,False,False,False,False,False,True,2,-1.7184841108942424,0.35395586016517094
537,0,1,0,45.0,0,0,26.55,False,True,True,False,False,False,False,False,False,False,5,1.2018099353148226,0.36526093570402607
538,1,1,1,30.0,0,0,106.425,False,False,False,False,False,False,False,False,False,True,2,0.04906228549545483,1.7703041212742283
539,0,3,0,28.0,0,0,14.5,False,True,False,False,False,False,False,False,False,True,1,-0.10463740114712752,-0.2286058134653583
540,1,1,1,22.0,0,2,49.5,False,False,True,False,False,False,False,False,False,False,2,-0.5657364610748746,0.9909378569025421
541,1,1,1,36.0,0,2,71.0,False,True,True,False,False,False,False,False,False,False,2,0.5101613454232019,1.3571652197109427
542,0,3,1,9.0,4,2,31.275,False,True,False,False,False,False,False,False,False,True,2,-1.56478442425166,0.5286989276421437
543,0,3,1,11.0,4,2,31.275,False,True,False,False,False,False,False,False,False,True,2,-1.4110847376090776,0.5286989276421437
544,1,2,0,32.0,1,0,26.0,False,True,False,False,False,False,False,False,False,True,1,0.20276197213803718,0.3444394801955362
545,0,1,0,50.0,1,0,106.425,False,False,False,True,False,False,False,False,False,False,1,1.5860591519212783,1.7703041212742283
546,0,1,0,64.0,0,0,26.0,False,True,False,False,False,False,False,False,False,True,1,2.661956958419355,0.3444394801955362
547,1,2,1,19.0,1,0,26.0,False,True,False,False,False,False,False,False,False,True,3,-0.7962859910387481,0.3444394801955362
548,1,2,0,28.0,0,0,13.8625,False,False,False,False,False,False,False,False,False,True,1,-0.10463740114712752,-0.27197037165090676
549,0,3,0,33.0,1,1,20.525,False,True,False,False,False,False,False,False,False,True,1,0.27961181545932834,0.11044794172866994
550,1,2,0,8.0,1,1,36.75,False,True,False,False,False,False,False,False,False,True,4,-1.6416342675729512,0.6904870950626278
551,1,1,0,17.0,0,2,110.8833,False,False,False,True,False,False,False,False,False,False,1,-0.9499856776813305,1.812289926928167
552,0,2,0,27.0,0,0,26.0,False,True,False,False,False,False,False,False,False,True,1,-0.1814872444684187,0.3444394801955362
553,0,3,0,28.0,0,0,7.8292,True,False,False,False,False,False,False,False,False,True,1,-0.10463740114712752,-0.809682843697731
554,1,3,0,22.0,0,0,7.225,False,False,False,False,False,False,False,False,False,True,1,-0.5657364610748746,-0.8828741679067217
555,1,3,1,22.0,0,0,7.775,False,True,False,False,False,False,False,False,False,True,2,-0.5657364610748746,-0.8160407306065733
556,0,1,0,62.0,0,0,26.55,False,True,False,False,False,False,False,False,False,True,1,2.5082572717767726,0.36526093570402607
557,1,1,1,48.0,1,0,39.6,False,False,False,False,False,False,False,False,False,False,5,1.432359465278696,0.7656365698356679
558,0,1,0,28.0,0,0,227.525,False,False,False,False,False,False,False,False,False,True,1,-0.10463740114712752,2.5497045522452972
559,1,1,1,39.0,1,1,79.65,False,True,False,False,False,True,False,False,False,False,3,0.7407108753870755,1.4743073772537167
560,1,3,1,36.0,1,0,17.4,False,True,False,False,False,False,False,False,False,True,3,0.5101613454232019,-0.05151766087005573
561,0,3,0,28.0,0,0,7.75,True,False,False,False,False,False,False,False,False,True,1,-0.10463740114712752,-0.8189865811572414
562,0,3,0,40.0,0,0,7.8958,False,True,False,False,False,False,False,False,False,True,1,0.8175607187083667,-0.8019236166026618
563,0,2,0,28.0,0,0,13.5,False,True,False,False,False,False,False,False,False,True,1,-0.10463740114712752,-0.29746598596845064
564,0,3,0,28.0,0,0,8.05,False,True,False,False,False,False,False,False,False,True,1,-0.10463740114712752,-0.7841792430073967
565,0,3,1,28.0,0,0,8.05,False,True,False,False,False,False,False,False,False,True,2,-0.10463740114712752,-0.7841792430073967
566,0,3,0,24.0,2,0,24.15,False,True,False,False,False,False,False,False,False,True,1,-0.41203677443229225,0.2711522804976662
567,0,3,0,19.0,0,0,7.8958,False,True,False,False,False,False,False,False,False,True,1,-0.7962859910387481,-0.8019236166026618
568,0,3,1,29.0,0,4,21.075,False,True,False,False,False,False,False,False,False,True,3,-0.027787557825836348,0.1364991380659541
569,0,3,0,28.0,0,0,7.2292,False,False,False,False,False,False,False,False,False,True,1,-0.10463740114712752,-0.8823470582632056
570,1,3,0,32.0,0,0,7.8542,False,True,False,False,False,False,False,False,False,True,1,0.20276197213803718,-0.806763380796033
571,1,2,0,62.0,0,0,10.5,False,True,False,False,False,False,False,False,False,True,1,2.5082572717767726,-0.5368057694182641
572,1,1,1,53.0,2,0,51.4792,False,True,False,True,False,False,False,False,False,False,3,1.816608681885152,1.0306316027835163
573,1,1,0,36.0,0,0,26.3875,False,True,False,False,False,True,False,False,False,False,1,0.5101613454232019,0.35915272270042775
574,1,3,1,28.0,0,0,7.75,True,False,False,False,False,False,False,False,False,True,2,-0.10463740114712752,-0.8189865811572414
575,0,3,0,16.0,0,0,8.05,False,True,False,False,False,False,False,False,False,True,1,-1.0268355210026217,-0.7841792430073967
576,0,3,0,19.0,0,0,14.5,False,True,False,False,False,False,False,False,False,True,1,-0.7962859910387481,-0.2286058134653583
577,1,2,1,34.0,0,0,13.0,False,True,False,False,False,False,False,False,False,True,2,0.35646165878061953,-0.3336984726090336
578,1,1,1,39.0,1,0,55.9,False,True,False,False,False,True,False,False,False,False,3,0.7407108753870755,1.1141402035210881
579,0,3,1,28.0,1,0,14.4583,False,False,False,False,False,False,False,False,False,True,3,-0.10463740114712752,-0.23138736843472296
580,1,3,0,32.0,0,0,7.925,False,True,False,False,False,False,False,False,False,True,1,0.20276197213803718,-0.798539974052802
581,1,2,1,25.0,1,1,30.0,False,True,False,False,False,False,False,False,False,True,2,-0.33518693111100106,0.4870824563024251
582,1,1,1,39.0,1,1,110.8833,False,False,False,True,False,False,False,False,False,False,3,0.7407108753870755,1.812289926928167
583,0,2,0,54.0,0,0,26.0,False,True,False,False,False,False,False,False,False,True,1,1.893458525206443,0.3444394801955362
584,0,1,0,36.0,0,0,40.125,False,False,False,False,False,False,False,False,False,False,1,0.5101613454232019,0.7789025328484201
585,0,3,0,28.0,0,0,8.7125,False,False,False,False,False,False,False,False,False,True,1,-0.10463740114712752,-0.71123278673221
586,1,1,1,18.0,0,2,79.65,False,True,False,False,False,True,False,False,False,False,2,-0.8731358343600393,1.4743073772537167
587,0,2,0,47.0,0,0,15.0,False,True,False,False,False,False,False,False,False,True,1,1.3555096219574048,-0.19582465009716046
588,1,1,0,60.0,1,1,79.2,False,False,True,False,False,False,False,False,False,False,1,2.3545575851341902,1.4685301291949246
589,0,3,0,22.0,0,0,8.05,False,True,False,False,False,False,False,False,False,True,1,-0.5657364610748746,-0.7841792430073967
590,0,3,0,28.0,0,0,8.05,False,True,False,False,False,False,False,False,False,True,1,-0.10463740114712752,-0.7841792430073967
591,0,3,0,35.0,0,0,7.125,False,True,False,False,False,False,False,False,False,True,1,0.4333115021019107,-0.8955045384601199
592,1,1,1,52.0,1,0,78.2667,False,False,False,False,True,False,False,False,False,False,3,1.7397588385638607,1.4564440718289613
593,0,3,0,47.0,0,0,7.25,False,True,False,False,False,False,False,False,False,True,1,1.3555096219574048,-0.8797405693934278
594,0,3,1,28.0,0,2,7.75,True,False,False,False,False,False,False,False,False,True,2,-0.10463740114712752,-0.8189865811572414
595,0,2,0,37.0,1,0,26.0,False,True,False,False,False,False,False,False,False,True,1,0.5870111887444931,0.3444394801955362
596,0,3,0,36.0,1,1,24.15,False,True,False,False,False,False,False,False,False,True,1,0.5101613454232019,0.2711522804976662
597,1,2,1,28.0,0,0,33.0,False,True,False,False,False,False,False,False,False,True,2,-0.10463740114712752,0.5824597491940529
598,0,3,0,49.0,0,0,0.0,False,True,False,False,False,False,False,False,False,True,1,1.5092093085999871,-3.0585777291682934
599,0,3,0,28.0,0,0,7.225,False,False,False,False,False,False,False,False,False,True,1,-0.10463740114712752,-0.8828741679067217
600,1,1,0,49.0,1,0,56.9292,False,False,False,False,False,False,False,False,False,False,5,1.5092093085999871,1.1326493972880125
601,1,2,1,24.0,2,1,27.0,False,True,False,False,False,False,False,False,False,True,3,-0.41203677443229225,0.3819897971587497
602,0,3,0,28.0,0,0,7.8958,False,True,False,False,False,False,False,False,False,True,1,-0.10463740114712752,-0.8019236166026618
603,0,1,0,28.0,0,0,42.4,False,True,False,False,False,False,False,False,False,True,1,-0.10463740114712752,0.8344967423387601
604,0,3,0,44.0,0,0,8.05,False,True,False,False,False,False,False,False,False,True,1,1.1249600919935314,-0.7841792430073967
605,1,1,0,35.0,0,0,26.55,False,False,False,False,False,False,False,False,False,True,1,0.4333115021019107,0.36526093570402607
606,0,3,0,36.0,1,0,15.55,False,True,False,False,False,False,False,False,False,True,1,0.5101613454232019,-0.16092818251417132
607,0,3,0,30.0,0,0,7.8958,False,True,False,False,False,False,False,False,False,True,1,0.04906228549545483,-0.8019236166026618
608,1,1,0,27.0,0,0,30.5,False,True,False,False,False,False,False,False,False,True,1,-0.1814872444684187,0.5036031274312862
609,1,2,1,22.0,1,2,41.5792,False,False,False,False,False,False,False,False,False,True,3,-0.5657364610748746,0.8147822510349934
610,1,1,1,40.0,0,0,153.4625,False,True,False,True,False,False,False,False,False,False,2,0.8175607187083667,2.14527242190355
611,0,3,1,39.0,1,5,31.275,False,True,False,False,False,False,False,False,False,True,3,0.7407108753870755,0.5286989276421437
612,0,3,0,28.0,0,0,7.05,False,True,False,False,False,False,False,False,False,True,1,-0.10463740114712752,-0.9050797531497118
613,1,3,1,28.0,1,0,15.5,True,False,False,False,False,False,False,False,False,True,2,-0.10463740114712752,-0.16405229962564447
614,0,3,0,28.0,0,0,7.75,True,False,False,False,False,False,False,False,False,True,1,-0.10463740114712752,-0.8189865811572414
615,0,3,0,35.0,0,0,8.05,False,True,False,False,False,False,False,False,False,True,1,0.4333115021019107,-0.7841792430073967
616,1,2,1,24.0,1,2,65.0,False,True,False,False,False,False,False,False,False,True,2,-0.41203677443229225,1.2673242399099218
617,0,3,0,34.0,1,1,14.4,False,True,False,False,False,False,False,False,False,True,1,0.35646165878061953,-0.23528881360946907
618,0,3,1,26.0,1,0,16.1,False,True,False,False,False,False,False,False,False,True,3,-0.2583370877897099,-0.12717266791993012
619,1,2,1,4.0,2,1,39.0,False,True,False,False,False,False,True,False,False,False,2,-1.949033640858116,0.750263780890198
620,0,2,0,26.0,0,0,10.5,False,True,False,False,False,False,False,False,False,True,1,-0.2583370877897099,-0.5368057694182641
621,0,3,0,27.0,1,0,14.4542,False,False,False,False,False,False,False,False,False,True,1,-0.1814872444684187,-0.23166125968823223
622,1,1,0,42.0,1,0,52.5542,False,True,False,False,True,False,False,False,False,False,1,0.9712604053509489,1.0515683442816504
623,1,3,0,20.0,1,1,15.7417,False,False,False,False,False,False,False,False,False,True,1,-0.719436147717457,-0.14903715526900022
624,0,3,0,21.0,0,0,7.8542,False,True,False,False,False,False,False,False,False,True,1,-0.6425863043961658,-0.806763380796033
625,0,3,0,21.0,0,0,16.1,False,True,False,False,False,False,False,False,False,True,1,-0.6425863043961658,-0.12717266791993012
626,0,1,0,61.0,0,0,32.3208,False,True,False,False,True,False,False,False,False,False,1,2.4314074284554814,0.5616248415955212
627,0,2,0,57.0,0,0,12.35,True,False,False,False,False,False,False,False,False,True,5,2.1240080551703167,-0.38278544498532663
628,1,1,1,21.0,0,0,77.9583,False,True,False,False,True,False,False,False,False,False,2,-0.6425863043961658,1.452419049919151
629,0,3,0,26.0,0,0,7.8958,False,True,False,False,False,False,False,False,False,True,1,-0.2583370877897099,-0.8019236166026618
630,0,3,0,28.0,0,0,7.7333,True,False,False,False,False,False,False,False,False,True,1,-0.10463740114712752,-0.8209591021193487
631,1,1,0,80.0,0,0,30.0,False,True,False,False,False,False,False,False,False,False,1,3.8915544515600136,0.4870824563024251
632,0,3,0,51.0,0,0,7.0542,False,True,False,False,False,False,False,False,False,True,1,1.6629089952425695,-0.9045411875888885
633,1,1,0,32.0,0,0,30.5,False,False,True,False,False,False,False,False,False,False,5,0.20276197213803718,0.5036031274312862
634,0,1,0,28.0,0,0,0.0,False,True,False,False,False,False,False,False,False,True,1,-0.10463740114712752,-3.0585777291682934
635,0,3,1,9.0,3,2,27.9,False,True,False,False,False,False,False,False,False,True,2,-1.56478442425166,0.4146557174979072
636,1,2,1,28.0,0,0,13.0,False,True,False,False,False,False,False,False,False,True,2,-0.10463740114712752,-0.3336984726090336
637,0,3,0,32.0,0,0,7.925,False,True,False,False,False,False,False,False,False,True,1,0.20276197213803718,-0.798539974052802
638,0,2,0,31.0,1,1,26.25,False,True,False,False,False,False,False,False,False,True,1,0.12591212881674602,0.35395586016517094
639,0,3,1,41.0,0,5,39.6875,False,True,False,False,False,False,False,False,False,True,3,0.8944105620296577,0.7678594338107121
640,0,3,0,28.0,1,0,16.1,False,True,False,False,False,False,False,False,False,True,1,-0.10463740114712752,-0.12717266791993012
641,0,3,0,20.0,0,0,7.8542,False,True,False,False,False,False,False,False,False,True,1,-0.719436147717457,-0.806763380796033
642,1,1,1,24.0,0,0,69.3,False,False,True,False,False,False,False,False,False,False,2,-0.41203677443229225,1.3324938581871215
643,0,3,1,2.0,3,2,27.9,False,True,False,False,False,False,False,False,False,True,2,-2.1027333275006983,0.4146557174979072
644,1,3,0,28.0,0,0,56.4958,False,True,False,False,False,False,False,False,False,True,1,-0.10463740114712752,1.1248955097361604
645,1,3,1,0.75,2,1,19.2583,False,False,False,False,False,False,False,False,False,True,2,-2.1987956316523123,0.047825129435189045
646,1,1,0,48.0,1,0,76.7292,False,False,False,False,True,False,False,False,False,False,1,1.432359465278696,1.4362199751817062
647,0,3,0,19.0,0,0,7.8958,False,True,False,False,False,False,False,False,False,True,1,-0.7962859910387481,-0.8019236166026618
648,1,1,0,56.0,0,0,35.5,False,False,False,False,False,False,False,False,False,False,5,2.0471582118490255,0.6557188297748954
649,0,3,0,28.0,0,0,7.55,False,True,False,False,False,False,False,False,False,True,1,-0.10463740114712752,-0.8428609376877135
650,1,3,1,23.0,0,0,7.55,False,True,False,False,False,False,False,False,False,True,2,-0.48888661775358344,-0.8428609376877135
651,0,3,0,28.0,0,0,7.8958,False,True,False,False,False,False,False,False,False,True,1,-0.10463740114712752,-0.8019236166026618
652,1,2,1,18.0,0,1,23.0,False,True,False,False,False,False,False,False,False,True,2,-0.8731358343600393,0.2228261499229997
653,0,3,0,21.0,0,0,8.4333,False,True,False,False,False,False,False,False,False,True,1,-0.6425863043961658,-0.741349052303618
654,1,3,1,28.0,0,0,7.8292,True,False,False,False,False,False,False,False,False,True,2,-0.10463740114712752,-0.809682843697731
655,0,3,1,18.0,0,0,6.75,True,False,False,False,False,False,False,False,False,True,2,-0.8731358343600393,-0.9442940832331417
656,0,2,0,24.0,2,0,73.5,False,True,False,False,False,False,False,False,False,True,1,-0.41203677443229225,1.3924082286355355
657,0,3,0,28.0,0,0,7.8958,False,True,False,False,False,False,False,False,False,True,1,-0.10463740114712752,-0.8019236166026618
658,0,3,1,32.0,1,1,15.5,True,False,False,False,False,False,False,False,False,True,3,0.20276197213803718,-0.16405229962564447
659,0,2,0,23.0,0,0,13.0,False,True,False,False,False,False,False,False,False,True,1,-0.48888661775358344,-0.3336984726090336
660,0,1,0,58.0,0,2,113.275,False,False,False,False,True,False,False,False,False,False,1,2.200857898491608,1.834129231109428
661,1,1,0,50.0,2,0,133.65,False,True,False,False,False,False,False,False,False,True,5,1.5860591519212783,2.003535801391161
662,0,3,0,40.0,0,0,7.225,False,False,False,False,False,False,False,False,False,True,1,0.8175607187083667,-0.8828741679067217
663,0,1,0,47.0,0,0,25.5875,False,True,False,False,False,True,False,False,False,False,1,1.3555096219574048,0.32854312829417104
664,0,3,0,36.0,0,0,7.4958,False,True,False,False,False,False,False,False,False,True,1,0.5101613454232019,-0.8494271027413144
665,1,3,0,20.0,1,0,7.925,False,True,False,False,False,False,False,False,False,True,1,-0.719436147717457,-0.798539974052802
666,0,2,0,32.0,2,0,73.5,False,True,False,False,False,False,False,False,False,True,1,0.20276197213803718,1.3924082286355355
667,0,2,0,25.0,0,0,13.0,False,True,False,False,False,False,False,False,False,True,1,-0.33518693111100106,-0.3336984726090336
668,0,3,0,28.0,0,0,7.775,False,True,False,False,False,False,False,False,False,True,1,-0.10463740114712752,-0.8160407306065733
669,0,3,0,43.0,0,0,8.05,False,True,False,False,False,False,False,False,False,True,1,1.0481102486722402,-0.7841792430073967
670,1,1,1,28.0,1,0,52.0,False,True,False,True,False,False,False,False,False,False,3,-0.10463740114712752,1.0408277503255374
671,1,2,1,40.0,1,1,39.0,False,True,False,False,False,False,False,False,False,True,3,0.8175607187083667,0.750263780890198
672,0,1,0,31.0,1,0,52.0,False,True,True,False,False,False,False,False,False,False,1,0.12591212881674602,1.0408277503255374
673,0,2,0,70.0,0,0,10.5,False,True,False,False,False,False,False,False,False,True,1,3.123056018347102,-0.5368057694182641
674,1,2,0,31.0,0,0,13.0,False,True,False,False,False,False,False,False,False,True,1,0.12591212881674602,-0.3336984726090336
675,0,2,0,28.0,0,0,0.0,False,True,False,False,False,False,False,False,False,True,1,-0.10463740114712752,-3.0585777291682934
676,0,3,0,18.0,0,0,7.775,False,True,False,False,False,False,False,False,False,True,1,-0.8731358343600393,-0.8160407306065733
677,0,3,0,24.5,0,0,8.05,False,True,False,False,False,False,False,False,False,True,1,-0.37361185277164666,-0.7841792430073967
678,1,3,1,18.0,0,0,9.8417,False,True,False,False,False,False,False,False,False,True,2,-0.8731358343600393,-0.597669953407196
679,0,3,1,43.0,1,6,46.9,False,True,False,False,False,False,False,False,False,True,3,1.0481102486722402,0.936361092700485
680,1,1,0,36.0,0,1,512.3292,False,False,True,False,False,False,False,False,False,False,1,0.5101613454232019,3.3852937438182273
681,0,3,1,28.0,0,0,8.1375,True,False,False,False,False,False,False,False,False,True,2,-0.10463740114712752,-0.774244266805356
682,1,1,0,27.0,0,0,76.7292,False,False,False,False,True,False,False,False,False,False,1,-0.1814872444684187,1.4362199751817062
683,0,3,0,20.0,0,0,9.225,False,True,False,False,False,False,False,False,False,True,1,-0.719436147717457,-0.658138561741074
684,0,3,0,14.0,5,2,46.9,False,True,False,False,False,False,False,False,False,True,1,-1.180535207645204,0.936361092700485
685,0,2,0,60.0,1,1,39.0,False,True,False,False,False,False,False,False,False,True,1,2.3545575851341902,0.750263780890198
686,0,2,0,25.0,1,2,41.5792,False,False,False,False,False,False,False,False,False,True,1,-0.33518693111100106,0.8147822510349934
687,0,3,0,14.0,4,1,39.6875,False,True,False,False,False,False,False,False,False,True,1,-1.180535207645204,0.7678594338107121
688,0,3,0,19.0,0,0,10.1708,False,True,False,False,False,False,False,False,False,True,1,-0.7962859910387481,-0.5667940759868451
689,0,3,0,18.0,0,0,7.7958,False,True,False,False,False,False,False,False,False,True,1,-0.8731358343600393,-0.8135961720983267
690,1,1,1,15.0,0,1,211.3375,False,True,True,False,False,False,False,False,False,False,2,-1.1036853643239128,2.4738467350641637
691,1,1,0,31.0,1,0,57.0,False,True,True,False,False,False,False,False,False,False,1,0.12591212881674602,1.1339105535671157
692,1,3,1,4.0,0,1,13.4167,False,False,False,False,False,False,False,False,False,True,2,-1.949033640858116,-0.3034147385612252
693,1,3,0,28.0,0,0,56.4958,False,True,False,False,False,False,False,False,False,True,1,-0.10463740114712752,1.1248955097361604
694,0,3,0,25.0,0,0,7.225,False,False,False,False,False,False,False,False,False,True,1,-0.33518693111100106,-0.8828741679067217
695,0,1,0,60.0,0,0,26.55,False,True,False,False,False,False,False,False,False,True,5,2.3545575851341902,0.36526093570402607
696,0,2,0,52.0,0,0,13.5,False,True,False,False,False,False,False,False,False,True,1,1.7397588385638607,-0.29746598596845064
697,0,3,0,44.0,0,0,8.05,False,True,False,False,False,False,False,False,False,True,1,1.1249600919935314,-0.7841792430073967
698,1,3,1,28.0,0,0,7.7333,True,False,False,False,False,False,False,False,False,True,2,-0.10463740114712752,-0.8209591021193487
699,0,1,0,49.0,1,1,110.8833,False,False,False,True,False,False,False,False,False,False,1,1.5092093085999871,1.812289926928167
700,0,3,0,42.0,0,0,7.65,False,True,False,False,False,False,True,False,False,False,1,0.9712604053509489,-0.830854756854953
701,1,1,1,18.0,1,0,227.525,False,False,False,True,False,False,False,False,False,False,3,-0.8731358343600393,2.5497045522452972
702,1,1,0,35.0,0,0,26.2875,False,True,False,False,False,True,False,False,False,False,1,0.4333115021019107,0.3553757823476229
703,0,3,1,18.0,0,1,14.4542,False,False,False,False,False,False,False,False,False,True,2,-0.8731358343600393,-0.23166125968823223
704,0,3,0,25.0,0,0,7.7417,True,False,False,False,False,False,False,False,False,True,1,-0.33518693111100106,-0.8199664648688783
705,0,3,0,26.0,1,0,7.8542,False,True,False,False,False,False,False,False,False,True,1,-0.2583370877897099,-0.806763380796033
706,0,2,0,39.0,0,0,26.0,False,True,False,False,False,False,False,False,False,True,1,0.7407108753870755,0.3444394801955362
707,1,2,1,45.0,0,0,13.5,False,True,False,False,False,False,False,False,False,True,3,1.2018099353148226,-0.29746598596845064
708,1,1,0,42.0,0,0,26.2875,False,True,False,False,False,True,False,False,False,False,1,0.9712604053509489,0.3553757823476229
709,1,1,1,22.0,0,0,151.55,False,True,False,False,False,False,False,False,False,True,2,-0.5657364610748746,2.132408321022389
710,1,3,0,28.0,1,1,15.2458,False,False,False,False,False,False,False,False,False,True,4,-0.10463740114712752,-0.1800831698720664
711,1,1,1,24.0,0,0,49.5042,False,False,False,True,False,False,False,False,False,False,2,-0.41203677443229225,0.9910237262754293
712,0,1,0,28.0,0,0,26.55,False,True,False,True,False,False,False,False,False,False,1,-0.10463740114712752,0.36526093570402607
713,1,1,0,48.0,1,0,52.0,False,True,False,True,False,False,False,False,False,False,1,1.432359465278696,1.0408277503255374
714,0,3,0,29.0,0,0,9.4833,False,True,False,False,False,False,False,False,False,True,1,-0.027787557825836348,-0.6323794480268654
715,0,2,0,52.0,0,0,13.0,False,True,False,False,False,False,False,False,False,True,1,1.7397588385638607,-0.3336984726090336
716,0,3,0,19.0,0,0,7.65,False,True,False,False,False,False,True,False,False,False,1,-0.7962859910387481,-0.830854756854953
717,1,1,1,38.0,0,0,227.525,False,False,False,True,False,False,False,False,False,False,2,0.6638610320657843,2.5497045522452972
718,1,2,1,27.0,0,0,10.5,False,True,False,False,False,True,False,False,False,False,2,-0.1814872444684187,-0.5368057694182641
719,0,3,0,28.0,0,0,15.5,True,False,False,False,False,False,False,False,False,True,1,-0.10463740114712752,-0.16405229962564447
720,0,3,0,33.0,0,0,7.775,False,True,False,False,False,False,False,False,False,True,1,0.27961181545932834,-0.8160407306065733
721,1,2,1,6.0,0,1,33.0,False,True,False,False,False,False,False,False,False,True,2,-1.7953339542155335,0.5824597491940529
722,0,3,0,17.0,1,0,7.0542,False,True,False,False,False,False,False,False,False,True,1,-0.9499856776813305,-0.9045411875888885
723,0,2,0,34.0,0,0,13.0,False,True,False,False,False,False,False,False,False,True,1,0.35646165878061953,-0.3336984726090336
724,0,2,0,50.0,0,0,13.0,False,True,False,False,False,False,False,False,False,True,1,1.5860591519212783,-0.3336984726090336
725,1,1,0,27.0,1,0,53.1,False,True,False,False,False,True,False,False,False,False,1,-0.1814872444684187,1.0620380556287106
726,0,3,0,20.0,0,0,8.6625,False,True,False,False,False,False,False,False,False,True,1,-0.719436147717457,-0.7165619336211217
727,1,2,1,30.0,3,0,21.0,False,True,False,False,False,False,False,False,False,True,3,0.04906228549545483,0.1329851701219792
728,1,3,1,28.0,0,0,7.7375,True,False,False,False,False,False,False,False,False,True,2,-0.10463740114712752,-0.8204626642072291
729,0,2,0,25.0,1,0,26.0,False,True,False,False,False,False,False,False,False,True,1,-0.33518693111100106,0.3444394801955362
730,0,3,1,25.0,1,0,7.925,False,True,False,False,False,False,False,False,False,True,2,-0.33518693111100106,-0.798539974052802
731,1,1,1,29.0,0,0,211.3375,False,True,True,False,False,False,False,False,False,False,2,-0.027787557825836348,2.4738467350641637
732,0,3,0,11.0,0,0,18.7875,False,False,False,False,False,False,False,False,False,True,1,-1.4110847376090776,0.023546289947323752
733,0,2,0,28.0,0,0,0.0,False,True,False,False,False,False,False,False,False,True,1,-0.10463740114712752,-3.0585777291682934
734,0,2,0,23.0,0,0,13.0,False,True,False,False,False,False,False,False,False,True,1,-0.48888661775358344,-0.3336984726090336
735,0,2,0,23.0,0,0,13.0,False,True,False,False,False,False,False,False,False,True,1,-0.48888661775358344,-0.3336984726090336
736,0,3,0,28.5,0,0,16.1,False,True,False,False,False,False,False,False,False,True,1,-0.06621247948648194,-0.12717266791993012
737,0,3,1,48.0,1,3,34.375,False,True,False,False,False,False,False,False,False,True,3,1.432359465278696,0.6233938271906204
738,1,1,0,35.0,0,0,512.3292,False,False,True,False,False,False,False,False,False,False,1,0.4333115021019107,3.3852937438182273
739,0,3,0,28.0,0,0,7.8958,False,True,False,False,False,False,False,False,False,True,1,-0.10463740114712752,-0.8019236166026618
740,0,3,0,28.0,0,0,7.8958,False,True,False,False,False,False,False,False,False,True,1,-0.10463740114712752,-0.8019236166026618
741,1,1,0,28.0,0,0,30.0,False,True,False,False,True,False,False,False,False,False,1,-0.10463740114712752,0.4870824563024251
742,0,1,0,36.0,1,0,78.85,False,True,False,True,False,False,False,False,False,False,1,0.5101613454232019,1.464014258564117
743,1,1,1,21.0,2,2,262.375,False,False,True,False,False,False,False,False,False,False,2,-0.6425863043961658,2.6962534687059603
744,0,3,0,24.0,1,0,16.1,False,True,False,False,False,False,False,False,False,True,1,-0.41203677443229225,-0.12717266791993012
745,1,3,0,31.0,0,0,7.925,False,True,False,False,False,False,False,False,False,True,1,0.12591212881674602,-0.798539974052802
746,0,1,0,70.0,1,1,71.0,False,True,True,False,False,False,False,False,False,False,5,3.123056018347102,1.3571652197109427
747,0,3,0,16.0,1,1,20.25,False,True,False,False,False,False,False,False,False,True,1,-1.0268355210026217,0.0971716406458445
748,1,2,1,30.0,0,0,13.0,False,True,False,False,False,False,False,False,False,True,2,0.04906228549545483,-0.3336984726090336
749,0,1,0,19.0,1,0,53.1,False,True,False,False,True,False,False,False,False,False,1,-0.7962859910387481,1.0620380556287106
750,0,3,0,31.0,0,0,7.75,True,False,False,False,False,False,False,False,False,True,1,0.12591212881674602,-0.8189865811572414
751,1,2,1,4.0,1,1,23.0,False,True,False,False,False,False,False,False,False,True,2,-1.949033640858116,0.2228261499229997
752,1,3,0,6.0,0,1,12.475,False,True,False,False,False,True,False,False,False,False,4,-1.7953339542155335,-0.37316263612134226
753,0,3,0,33.0,0,0,9.5,False,True,False,False,False,False,False,False,False,True,1,0.27961181545932834,-0.6307359423566569
754,0,3,0,23.0,0,0,7.8958,False,True,False,False,False,False,False,False,False,True,1,-0.48888661775358344,-0.8019236166026618
755,1,2,1,48.0,1,2,65.0,False,True,False,False,False,False,False,False,False,True,3,1.432359465278696,1.2673242399099218
756,1,2,0,0.67,1,1,14.5,False,True,False,False,False,False,False,False,False,True,4,-2.204943619118015,-0.2286058134653583
757,0,3,0,28.0,0,0,7.7958,False,True,False,False,False,False,False,False,False,True,1,-0.10463740114712752,-0.8135961720983267
758,0,2,0,18.0,0,0,11.5,False,True,False,False,False,False,False,False,False,True,1,-0.8731358343600393,-0.4507125974257932
759,0,3,0,34.0,0,0,8.05,False,True,False,False,False,False,False,False,False,True,1,0.35646165878061953,-0.7841792430073967
760,1,1,1,33.0,0,0,86.5,False,True,True,False,False,False,False,False,False,False,5,0.27961181545932834,1.5584783893656837
761,0,3,0,28.0,0,0,14.5,False,True,False,False,False,False,False,False,False,True,1,-0.10463740114712752,-0.2286058134653583
762,0,3,0,41.0,0,0,7.125,False,True,False,False,False,False,False,False,False,True,1,0.8944105620296577,-0.8955045384601199
763,1,3,0,20.0,0,0,7.2292,False,False,False,False,False,False,False,False,False,True,1,-0.719436147717457,-0.8823470582632056
764,1,1,1,36.0,1,2,120.0,False,True,True,False,False,False,False,False,False,False,3,0.5101613454232019,1.8931715298766851
765,0,3,0,16.0,0,0,7.775,False,True,False,False,False,False,False,False,False,True,1,-1.0268355210026217,-0.8160407306065733
766,1,1,1,51.0,1,0,77.9583,False,True,False,False,True,False,False,False,False,False,3,1.6629089952425695,1.452419049919151
767,0,1,0,28.0,0,0,39.6,False,False,False,False,False,False,False,False,False,True,5,-0.10463740114712752,0.7656365698356679
768,0,3,1,30.5,0,0,7.75,True,False,False,False,False,False,False,False,False,True,2,0.08748720715610042,-0.8189865811572414
769,0,3,0,28.0,1,0,24.15,True,False,False,False,False,False,False,False,False,True,1,-0.10463740114712752,0.2711522804976662
770,0,3,0,32.0,0,0,8.3625,False,True,False,False,False,False,False,False,False,True,1,0.20276197213803718,-0.7491276790090223
771,0,3,0,24.0,0,0,9.5,False,True,False,False,False,False,False,False,False,True,1,-0.41203677443229225,-0.6307359423566569
772,0,3,0,48.0,0,0,7.8542,False,True,False,False,False,False,False,False,False,True,1,1.432359465278696,-0.806763380796033
773,0,2,1,57.0,0,0,10.5,False,True,False,False,False,True,False,False,False,False,3,2.1240080551703167,-0.5368057694182641
774,0,3,0,28.0,0,0,7.225,False,False,False,False,False,False,False,False,False,True,1,-0.10463740114712752,-0.8828741679067217
775,1,2,1,54.0,1,3,23.0,False,True,False,False,False,False,False,False,False,True,3,1.893458525206443,0.2228261499229997
776,0,3,0,18.0,0,0,7.75,False,True,False,False,False,False,False,False,False,True,1,-0.8731358343600393,-0.8189865811572414
777,0,3,0,28.0,0,0,7.75,True,False,False,False,False,False,True,False,False,False,1,-0.10463740114712752,-0.8189865811572414
778,1,3,1,5.0,0,0,12.475,False,True,False,False,False,False,False,False,False,True,2,-1.8721837975368247,-0.37316263612134226
779,0,3,0,28.0,0,0,7.7375,True,False,False,False,False,False,False,False,False,True,1,-0.10463740114712752,-0.8204626642072291
780,1,1,1,43.0,0,1,211.3375,False,True,True,False,False,False,False,False,False,False,3,1.0481102486722402,2.4738467350641637
781,1,3,1,13.0,0,0,7.2292,False,False,False,False,False,False,False,False,False,True,2,-1.2573850509664952,-0.8823470582632056
782,1,1,1,17.0,1,0,57.0,False,True,True,False,False,False,False,False,False,False,3,-0.9499856776813305,1.1339105535671157
783,0,1,0,29.0,0,0,30.0,False,True,False,False,True,False,False,False,False,False,1,-0.027787557825836348,0.4870824563024251
784,0,3,0,28.0,1,2,23.45,False,True,False,False,False,False,False,False,False,True,1,-0.10463740114712752,0.24200663802437702
785,0,3,0,25.0,0,0,7.05,False,True,False,False,False,False,False,False,False,True,1,-0.33518693111100106,-0.9050797531497118
786,0,3,0,25.0,0,0,7.25,False,True,False,False,False,False,False,False,False,True,1,-0.33518693111100106,-0.8797405693934278
787,1,3,1,18.0,0,0,7.4958,False,True,False,False,False,False,False,False,False,True,2,-0.8731358343600393,-0.8494271027413144
788,0,3,0,8.0,4,1,29.125,True,False,False,False,False,False,False,False,False,True,4,-1.6416342675729512,0.457519539438721
789,1,3,0,1.0,1,2,20.575,False,True,False,False,False,False,False,False,False,True,4,-2.1795831708219895,0.11284358066326507
790,0,1,0,46.0,0,0,79.2,False,False,True,False,False,False,False,False,False,False,1,1.2786597786361138,1.4685301291949246
791,0,3,0,28.0,0,0,7.75,True,False,False,False,False,False,False,False,False,True,1,-0.10463740114712752,-0.8189865811572414
792,0,2,0,16.0,0,0,26.0,False,True,False,False,False,False,False,False,False,True,1,-1.0268355210026217,0.3444394801955362
793,0,3,1,28.0,8,2,69.55,False,True,False,False,False,False,False,False,False,True,2,-0.10463740114712752,1.3361591794576348
794,0,1,0,28.0,0,0,30.6958,False,False,False,False,False,False,False,False,False,True,1,-0.10463740114712752,0.5100012756239033
795,0,3,0,25.0,0,0,7.8958,False,True,False,False,False,False,False,False,False,True,1,-0.33518693111100106,-0.8019236166026618
796,0,2,0,39.0,0,0,13.0,False,True,False,False,False,False,False,False,False,True,1,0.7407108753870755,-0.3336984726090336
797,1,1,1,49.0,0,0,25.9292,False,True,False,False,True,False,False,False,False,False,5,1.5092093085999871,0.3417284274758476
798,1,3,1,31.0,0,0,8.6833,False,True,False,False,False,False,False,False,False,True,3,0.12591212881674602,-0.7143416664249429
799,0,3,0,30.0,0,0,7.2292,False,False,False,False,False,False,False,False,False,True,1,0.04906228549545483,-0.8823470582632056
800,0,3,1,30.0,1,1,24.15,False,True,False,False,False,False,False,False,False,True,3,0.04906228549545483,0.2711522804976662
801,0,2,0,34.0,0,0,13.0,False,True,False,False,False,False,False,False,False,True,1,0.35646165878061953,-0.3336984726090336
802,1,2,1,31.0,1,1,26.25,False,True,False,False,False,False,False,False,False,True,3,0.12591212881674602,0.35395586016517094
803,1,1,0,11.0,1,2,120.0,False,True,True,False,False,False,False,False,False,False,4,-1.4110847376090776,1.8931715298766851
804,1,3,0,0.42,0,1,8.5167,False,False,False,False,False,False,False,False,False,True,4,-2.224156079948338,-0.7322606388880221
805,1,3,0,27.0,0,0,6.975,False,True,False,False,False,False,False,False,False,True,1,-0.1814872444684187,-0.9147445967366699
806,0,3,0,31.0,0,0,7.775,False,True,False,False,False,False,False,False,False,True,1,0.12591212881674602,-0.8160407306065733
807,0,1,0,39.0,0,0,0.0,False,True,False,False,False,False,False,False,False,False,1,0.7407108753870755,-3.0585777291682934
808,0,3,1,18.0,0,0,7.775,False,True,False,False,False,False,False,False,False,True,2,-0.8731358343600393,-0.8160407306065733
809,0,2,0,39.0,0,0,13.0,False,True,False,False,False,False,False,False,False,True,1,0.7407108753870755,-0.3336984726090336
810,1,1,1,33.0,1,0,53.1,False,True,False,False,False,True,False,False,False,False,3,0.27961181545932834,1.0620380556287106
811,0,3,0,26.0,0,0,7.8875,False,True,False,False,False,False,False,False,False,True,1,-0.2583370877897099,-0.802887432760349
812,0,3,0,39.0,0,0,24.15,False,True,False,False,False,False,False,False,False,True,1,0.7407108753870755,0.2711522804976662
813,0,2,0,35.0,0,0,10.5,False,True,False,False,False,False,False,False,False,True,1,0.4333115021019107,-0.5368057694182641
814,0,3,1,6.0,4,2,31.275,False,True,False,False,False,False,False,False,False,True,2,-1.7953339542155335,0.5286989276421437
815,0,3,0,30.5,0,0,8.05,False,True,False,False,False,False,False,False,False,True,1,0.08748720715610042,-0.7841792430073967
816,0,1,0,28.0,0,0,0.0,False,True,True,False,False,False,False,False,False,False,1,-0.10463740114712752,-3.0585777291682934
817,0,3,1,23.0,0,0,7.925,False,True,False,False,False,False,False,False,False,True,2,-0.48888661775358344,-0.798539974052802
818,0,2,0,31.0,1,1,37.0042,False,False,False,False,False,False,False,False,False,True,1,0.12591212881674602,0.6974165471111633
819,0,3,0,43.0,0,0,6.45,False,True,False,False,False,False,False,False,False,True,1,1.0481102486722402,-0.9850567418873891
820,0,3,0,10.0,3,2,27.9,False,True,False,False,False,False,False,False,False,True,4,-1.4879345809303688,0.4146557174979072
821,1,1,1,52.0,1,1,93.5,False,True,True,False,False,False,False,False,False,False,3,1.7397588385638607,1.6379421972192298
822,1,3,0,27.0,0,0,8.6625,False,True,False,False,False,False,False,False,False,True,1,-0.1814872444684187,-0.7165619336211217
823,0,1,0,38.0,0,0,0.0,False,True,False,False,False,False,False,False,False,True,5,0.6638610320657843,-3.0585777291682934
824,1,3,1,27.0,0,1,12.475,False,True,False,False,False,True,False,False,False,False,3,-0.1814872444684187,-0.37316263612134226
825,0,3,0,2.0,4,1,39.6875,False,True,False,False,False,False,False,False,False,True,4,-2.1027333275006983,0.7678594338107121
826,0,3,0,28.0,0,0,6.95,True,False,False,False,False,False,False,False,False,True,1,-0.10463740114712752,-0.9179864201772276
827,0,3,0,28.0,0,0,56.4958,False,True,False,False,False,False,False,False,False,True,1,-0.10463740114712752,1.1248955097361604
828,1,2,0,1.0,0,2,37.0042,False,False,False,False,False,False,False,False,False,True,4,-2.1795831708219895,0.6974165471111633
829,1,3,0,28.0,0,0,7.75,True,False,False,False,False,False,False,False,False,True,1,-0.10463740114712752,-0.8189865811572414
830,1,1,1,62.0,0,0,80.0,False,True,True,False,False,False,False,False,False,False,3,2.5082572717767726,1.4787785499834798
831,1,3,1,15.0,1,0,14.4542,False,False,False,False,False,False,False,False,False,True,3,-1.1036853643239128,-0.23166125968823223
832,1,2,0,0.83,1,1,18.75,False,True,False,False,False,False,False,False,False,True,4,-2.192647644186609,0.021587667954472933
833,0,3,0,28.0,0,0,7.2292,False,False,False,False,False,False,False,False,False,True,1,-0.10463740114712752,-0.8823470582632056
834,0,3,0,23.0,0,0,7.8542,False,True,False,False,False,False,False,False,False,True,1,-0.48888661775358344,-0.806763380796033
835,0,3,0,18.0,0,0,8.3,False,True,False,False,False,False,False,False,False,True,1,-0.8731358343600393,-0.7560434444325566
836,1,1,1,39.0,1,1,83.1583,False,False,False,False,False,True,False,False,False,False,2,0.7407108753870755,1.5182728441543658
837,0,3,0,21.0,0,0,8.6625,False,True,False,False,False,False,False,False,False,True,1,-0.6425863043961658,-0.7165619336211217
838,0,3,0,28.0,0,0,8.05,False,True,False,False,False,False,False,False,False,True,1,-0.10463740114712752,-0.7841792430073967
839,1,3,0,32.0,0,0,56.4958,False,True,False,False,False,False,False,False,False,True,1,0.20276197213803718,1.1248955097361604
840,1,1,0,28.0,0,0,29.7,False,False,False,True,False,False,False,False,False,False,1,-0.10463740114712752,0.4770416648490861
841,0,3,0,20.0,0,0,7.925,False,True,False,False,False,False,False,False,False,True,1,-0.719436147717457,-0.798539974052802
842,0,2,0,16.0,0,0,10.5,False,True,False,False,False,False,False,False,False,True,1,-1.0268355210026217,-0.5368057694182641
843,1,1,1,30.0,0,0,31.0,False,False,False,False,False,False,False,False,False,True,2,0.04906228549545483,0.5198636196706229
844,0,3,0,34.5,0,0,6.4375,False,False,False,False,False,False,False,False,False,True,1,0.3948865804412651,-0.9867906128533871
845,0,3,0,17.0,0,0,8.6625,False,True,False,False,False,False,False,False,False,True,1,-0.9499856776813305,-0.7165619336211217
846,0,3,0,42.0,0,0,7.55,False,True,False,False,False,False,False,False,False,True,1,0.9712604053509489,-0.8428609376877135
847,0,3,0,28.0,8,2,69.55,False,True,False,False,False,False,False,False,False,True,1,-0.10463740114712752,1.3361591794576348
848,0,3,0,35.0,0,0,7.8958,False,False,False,False,False,False,False,False,False,True,1,0.4333115021019107,-0.8019236166026618
849,0,2,0,28.0,0,1,33.0,False,True,False,False,False,False,False,False,False,True,5,-0.10463740114712752,0.5824597491940529
850,1,1,1,28.0,1,0,89.1042,False,False,False,True,False,False,False,False,False,False,3,-0.10463740114712752,1.588760118059578
851,0,3,0,4.0,4,2,31.275,False,True,False,False,False,False,False,False,False,True,4,-1.949033640858116,0.5286989276421437
852,0,3,0,74.0,0,0,7.775,False,True,False,False,False,False,False,False,False,True,1,3.430455391632267,-0.8160407306065733
853,0,3,1,9.0,1,1,15.2458,False,False,False,False,False,False,False,False,False,True,2,-1.56478442425166,-0.1800831698720664
854,1,1,1,16.0,0,1,39.4,False,True,False,False,True,False,False,False,False,False,2,-1.0268355210026217,0.7605376956829671
855,0,2,1,44.0,1,0,26.0,False,True,False,False,False,False,False,False,False,True,3,1.1249600919935314,0.3444394801955362
856,1,3,1,18.0,0,1,9.35,False,True,False,False,False,False,False,False,False,True,3,-0.8731358343600393,-0.6455926003653025
857,1,1,1,45.0,1,1,164.8667,False,True,False,False,False,False,False,False,False,True,3,1.2018099353148226,2.218822021910339
858,1,1,0,51.0,0,0,26.55,False,True,False,False,False,True,False,False,False,False,1,1.6629089952425695,0.36526093570402607
859,1,3,1,24.0,0,3,19.2583,False,False,False,False,False,False,False,False,False,True,3,-0.41203677443229225,0.047825129435189045
860,0,3,0,28.0,0,0,7.2292,False,False,False,False,False,False,False,False,False,True,1,-0.10463740114712752,-0.8823470582632056
861,0,3,0,41.0,2,0,14.1083,False,True,False,False,False,False,False,False,False,True,1,0.8944105620296577,-0.2550339477875714
862,0,2,0,21.0,1,0,11.5,False,True,False,False,False,False,False,False,False,True,1,-0.6425863043961658,-0.4507125974257932
863,1,1,1,48.0,0,0,25.9292,False,True,False,False,True,False,False,False,False,False,3,1.432359465278696,0.3417284274758476
864,0,3,1,28.0,8,2,69.55,False,True,False,False,False,False,False,False,False,True,2,-0.10463740114712752,1.3361591794576348
865,0,2,0,24.0,0,0,13.0,False,True,False,False,False,False,False,False,False,True,1,-0.41203677443229225,-0.3336984726090336
866,1,2,1,42.0,0,0,13.0,False,True,False,False,False,False,False,False,False,True,3,0.9712604053509489,-0.3336984726090336
867,1,2,1,27.0,1,0,13.8583,False,False,False,False,False,False,False,False,False,True,2,-0.1814872444684187,-0.272262193114855
868,0,1,0,31.0,0,0,50.4958,False,True,False,False,False,False,False,False,False,False,1,0.12591212881674602,1.0110997852233976
869,0,3,0,28.0,0,0,9.5,False,True,False,False,False,False,False,False,False,True,1,-0.10463740114712752,-0.6307359423566569
870,1,3,0,4.0,1,1,11.1333,False,True,False,False,False,False,False,False,False,True,4,-1.949033640858116,-0.48145578049281335
871,0,3,0,26.0,0,0,7.8958,False,True,False,False,False,False,False,False,False,True,1,-0.2583370877897099,-0.8019236166026618
872,1,1,1,47.0,1,1,52.5542,False,True,False,False,True,False,False,False,False,False,3,1.3555096219574048,1.0515683442816504
873,0,1,0,33.0,0,0,5.0,False,True,True,False,False,False,False,False,False,False,1,0.27961181545932834,-1.208550389612567
874,0,3,0,47.0,0,0,9.0,False,True,False,False,False,False,False,False,False,True,1,1.3555096219574048,-0.6811127586453682
875,1,2,1,28.0,1,0,24.0,False,False,False,False,False,False,False,False,False,True,3,-0.10463740114712752,0.26497567234198965
876,1,3,1,15.0,0,0,7.225,False,False,False,False,False,False,False,False,False,True,2,-1.1036853643239128,-0.8828741679067217
877,0,3,0,20.0,0,0,9.8458,False,True,False,False,False,False,False,False,False,True,1,-0.719436147717457,-0.5972795597045879
878,0,3,0,19.0,0,0,7.8958,False,True,False,False,False,False,False,False,False,True,1,-0.7962859910387481,-0.8019236166026618
879,0,3,0,28.0,0,0,7.8958,False,True,False,False,False,False,False,False,False,True,1,-0.10463740114712752,-0.8019236166026618
880,1,1,1,56.0,0,1,83.1583,False,False,False,True,False,False,False,False,False,False,3,2.0471582118490255,1.5182728441543658
881,1,2,1,25.0,0,1,26.0,False,True,False,False,False,False,False,False,False,True,3,-0.33518693111100106,0.3444394801955362
882,0,3,0,33.0,0,0,7.8958,False,True,False,False,False,False,False,False,False,True,1,0.27961181545932834,-0.8019236166026618
883,0,3,1,22.0,0,0,10.5167,False,True,False,False,False,False,False,False,False,True,2,-0.5657364610748746,-0.5353074585700541
884,0,2,0,28.0,0,0,10.5,False,True,False,False,False,False,False,False,False,True,1,-0.10463740114712752,-0.5368057694182641
885,0,3,0,25.0,0,0,7.05,False,True,False,False,False,False,False,False,False,True,1,-0.33518693111100106,-0.9050797531497118
886,0,3,1,39.0,0,5,29.125,True,False,False,False,False,False,False,False,False,True,3,0.7407108753870755,0.457519539438721
887,0,2,0,27.0,0,0,13.0,False,True,False,False,False,False,False,False,False,True,5,-0.1814872444684187,-0.3336984726090336
888,1,1,1,19.0,0,0,30.0,False,True,True,False,False,False,False,False,False,False,2,-0.7962859910387481,0.4870824563024251
889,0,3,1,28.0,1,2,23.45,False,True,False,False,False,False,False,False,False,True,2,-0.10463740114712752,0.24200663802437702
890,1,1,0,26.0,0,0,30.0,False,False,False,True,False,False,False,False,False,False,1,-0.2583370877897099,0.4870824563024251
891,0,3,0,32.0,0,0,7.75,True,False,False,False,False,False,False,False,False,True,1,0.20276197213803718,-0.8189865811572414
